,Fold_1,Fold_2,Fold_3,Fold_4,Fold_5
XGB,0.7273255813953488,0.6434108527131782,0.6172480620155039,0.592829457364341,0.7095238095238096
LGBM,0.7118217054263566,0.7141472868217055,0.712403100775194,0.727906976744186,0.7849206349206348
CatBoost,0.7224806201550388,0.6831395348837209,0.698062015503876,0.7253875968992248,0.7876984126984127
RF,0.7689922480620154,0.7218992248062016,0.6445736434108528,0.6385658914728682,0.6678571428571428
LR,0.5943798449612403,0.6104651162790699,0.6544573643410853,0.6050387596899225,0.6503968253968254
SVC,0.5653100775193799,0.5569767441860465,0.6784883720930233,0.5618217054263566,0.5484126984126984
NN,0.577906976744186,0.5802325581395348,0.6,0.5356589147286822,0.6265873015873016
