Gene,label,HIPred_haploinsufficiency,Effect_DBP_Median,Effect_PP_Median,Effect_SBP_Median,ExomiserScore_DecreasedBP_MultiHPOTerms,ExomiserScore_IncreasedBP_MultiHPOTerms,SDI_essentiality,SDI_Drug_Probability,humancellsensitivity,humancellspecificity,mousecellsensitivity,mousecellspecificity,panglao_ubiquitousness_index,gene_damage_index_score,GDI_Phred,huge_htn_bioindex,pLI_exac,RVIS_genic_intolerance,AdiposeSubcutaneous_GTExTPM,AdiposeVisceralOmentum_GTExTPM,AdrenalGland_GTExTPM,ArteryAorta_GTExTPM,ArteryCoronary_GTExTPM,ArteryTibial_GTExTPM,Bladder_GTExTPM,BrainAmygdala_GTExTPM,BrainAnteriorcingulatecortexBA24_GTExTPM,BrainCaudatebasalganglia_GTExTPM,BrainCerebellarHemisphere_GTExTPM,BrainCerebellum_GTExTPM,BrainCortex_GTExTPM,BrainFrontalCortexBA9_GTExTPM,BrainHippocampus_GTExTPM,BrainHypothalamus_GTExTPM,BrainNucleusaccumbensbasalganglia_GTExTPM,BrainPutamenbasalganglia_GTExTPM,BrainSpinalcordcervicalc1_GTExTPM,BrainSubstantianigra_GTExTPM,BreastMammaryTissue_GTExTPM,CellsCulturedfibroblasts_GTExTPM,CellsEBVtransformedlymphocytes_GTExTPM,CervixEctocervix_GTExTPM,CervixEndocervix_GTExTPM,ColonSigmoid_GTExTPM,ColonTransverse_GTExTPM,EsophagusGastroesophagealJunction_GTExTPM,EsophagusMucosa_GTExTPM,EsophagusMuscularis_GTExTPM,FallopianTube_GTExTPM,HeartAtrialAppendage_GTExTPM,HeartLeftVentricle_GTExTPM,KidneyCortex_GTExTPM,KidneyMedulla_GTExTPM,Liver_GTExTPM,Lung_GTExTPM,MinorSalivaryGland_GTExTPM,MuscleSkeletal_GTExTPM,NerveTibial_GTExTPM,Ovary_GTExTPM,Pancreas_GTExTPM,Pituitary_GTExTPM,Prostate_GTExTPM,SkinNotSunExposedSuprapubic_GTExTPM,SkinSunExposedLowerleg_GTExTPM,SmallIntestineTerminalIleum_GTExTPM,Spleen_GTExTPM,Stomach_GTExTPM,Testis_GTExTPM,Thyroid_GTExTPM,Uterus_GTExTPM,Vagina_GTExTPM,WholeBlood_GTExTPM
GGNBP1,least likely,,-0.0012,-0.0447,-0.056,0.0,0.0,1.9994798,0.071954774,0.0331754,0.0,0.871951,0.00077816,0.008,24.37073,0.80177,,,,0.0,0.0,0.0175397,0.0,0.0,0.0,0.0208886,0.13688,0.488818,0.0378653,0.0234461,0.0239395,0.261691,0.265195,0.0923271,0.0491161,0.055593,0.0333127,0.0,0.0197646,0.0,0.0,0.378641,0.0,0.0,0.0,0.0280647,0.0,0.0,0.0,0.0,0.0,0.0,0.0201991,0.0223356,0.0,0.0371854,0.0191879,0.0,0.0304944,0.0337953,0.0,0.0569535,0.0,0.0,0.0,0.0928122,0.167554,0.0,6.04134,0.111385,0.0,0.0,0.0193832
BIRC8,least likely,0.111908376,0.00585,0.0163,0.01175,0.500116999,0.500029731,1.86907763,0.069192978,,,,,,170.60625,2.84901,1.0,6.54e-07,1.86,0.0,0.0,0.0,0.0,0.0,0.0,0.0,0.0,0.0,0.0,0.0,0.0,0.0,0.0,0.0,0.0,0.0,0.0,0.0,0.0,0.0,0.0,0.0,0.0,0.0,0.0,0.0,0.0,0.0,0.0,0.0,0.0,0.0,0.0,0.0,0.0,0.0,0.0,0.0,0.0,0.0,0.0,0.0,0.0,0.0,0.0,0.0,0.0,0.0,19.1258,0.0,0.0,0.0,0.0
OR10J3,least likely,0.123297259,-0.002,0.0096,-0.0007,0.500000131,0.500000007,0.0,0.051636578,,,,,,992.93356,6.07198,,0.001039428,0.31,0.0,0.0,0.0,0.0,0.0,0.0,0.0,0.0,0.0,0.0,0.0,0.0,0.0,0.0,0.0,0.0,0.0,0.0,0.0,0.0,0.0,0.113672,0.0,0.0,0.0,0.0,0.0,0.0,0.0,0.0,0.0,0.0,0.0,0.0,0.0,0.0,0.0,0.0,0.0,0.0,0.0,0.0,0.0,0.0,0.0,0.0,0.0,0.0,0.0,0.0,0.0,0.0,0.0,0.0
ZNF286B,least likely,0.186891869,-0.0011,-0.0152,-0.0058,0.0,0.0,0.0,0.053038083,,,,,,6652.48026,17.27843,,0.003746029,,0.656277,0.636744,0.478589,1.01997,0.931812,0.77666,1.09867,0.51983,0.628191,0.558668,4.2524,3.35655,0.718256,0.859574,0.573735,0.809637,0.608185,0.46727,0.706788,0.541342,0.799087,0.93444,0.589235,2.17767,1.98535,1.04959,0.623413,1.01103,0.46868,0.940578,1.28137,0.324916,0.145201,0.36113,0.904861,0.134173,0.768656,0.601913,0.190387,1.38905,2.09448,0.2291,1.07495,1.2298,0.838232,0.79012,0.822063,0.823156,0.344589,0.911304,0.972584,2.06976,1.32249,0.076501
COLCA1,least likely,0.179693475,-0.0002,-0.01015,-0.00985,,,1.84815186,0.070124777,,,,,,40.69872,1.19247,,0.02661554,,0.722561,0.448911,0.348803,1.0208,0.968874,0.842139,5.9539,0.562034,0.727643,1.16984,0.221832,0.289524,0.753223,0.729581,0.658146,0.606947,1.15265,0.855186,0.317533,0.364072,1.26518,0.0330336,0.50074,1.59272,1.46252,2.76527,2.46195,1.15174,2.69537,1.26957,10.8175,0.118124,0.141394,2.49057,7.07442,0.338163,3.86573,12.1229,0.188529,3.18451,3.17367,1.35544,0.475412,27.7594,0.260329,0.285237,2.32154,0.557303,22.6152,2.30677,4.4804,3.78389,3.63112,0.0192248
CLLU1,least likely,0.146139458,0.0165,0.0209,0.0428,,,0.0,0.053355798,,,,,,328.75219,3.85475,,0.041368284,,0.0,0.0,0.0,0.0,0.0181146,0.0,0.0,0.0,0.0,0.0,0.0,0.0,0.0,0.0,0.0,0.0,0.0,0.0,0.0,0.0,0.00529325,0.0,0.264654,0.0,0.0,0.0,0.0,0.0,0.0331275,0.0,0.0,0.0121861,0.0,0.0,0.0430401,0.0,0.0,0.0568787,0.0169773,0.0,0.0,0.0,0.0,0.0,0.0,0.0,0.00939994,0.0231202,0.0,0.0119005,0.0195251,0.0,0.0278678,0.0
OFCC1,least likely,,0.001,-0.00115,-0.0009,0.0,0.0,,,,,,,,2022.19175,8.27431,,,,0.0,0.0,0.0,0.0,0.0,0.0,0.0,0.0,0.0,0.0,0.0,0.0,0.0,0.0,0.0,0.0,0.0,0.0,0.0,0.0,0.0,0.0,0.113909,0.0,0.0,0.0,0.0,0.0,0.0,0.0,0.0,0.0,0.0,0.00901221,0.0,0.0,0.0,0.0,0.0,0.0,0.0,0.0,0.0,0.0,0.00970121,0.0107325,0.0,0.0,0.0,0.814621,0.0,0.0,0.0,0.0
UBBP4,least likely,0.18980889,-0.0169,-0.00415,-0.02,,,,,,,,,,3342.56634,11.07485,,0.061068295,,1.88015,2.01532,2.84593,2.7036,2.51466,2.83089,2.14855,2.26779,2.31082,1.87636,2.07533,2.02435,2.47557,2.93571,2.13898,3.21972,2.23215,1.62845,8.92305,3.17149,1.88607,2.06883,2.85659,2.2534,1.90916,2.36928,1.96274,2.21072,1.20858,2.09139,1.95166,1.55833,1.15326,1.91798,1.45881,2.09571,2.66202,1.7844,2.11387,1.35517,1.99616,0.984458,3.5156,2.19076,1.54756,1.41122,1.90705,2.32975,2.13501,105.313,2.76906,2.1991,1.84151,3.5196
PRR21,least likely,0.237914741,-0.0014,-0.0033,-0.0029,,,,,,,,,,2739.14281,9.86619,,0.003652752,,0.0,0.0,0.0,0.0,0.0,0.0,0.0,0.0,0.0,0.0,0.0,0.0,0.0,0.0,0.0,0.0,0.0,0.0,0.0,0.0,0.0,0.0,0.0,0.0,0.0,0.0,0.0,0.0,0.0,0.0,0.0,0.0,0.0,0.0,0.0,0.0,0.0,0.0,0.0,0.0,0.0,0.0,0.0,0.0,0.0,0.0,0.0,0.0,0.0,0.0634489,0.0,0.0,0.0,0.0
C9orf163,least likely,0.153042644,-0.0358,0.0126,0.0327,,,,,,,,,,,,,0.055046603,0.15,0.101583,0.0886608,0.358823,0.271373,0.296291,0.183119,0.288352,0.355936,0.516107,0.711835,1.82157,1.89566,0.822196,0.724631,0.492394,0.567324,0.85636,0.444958,0.265642,0.219628,0.186637,0.185427,0.288181,0.225029,0.230332,0.280527,0.390871,0.410518,0.574811,0.438933,0.656346,0.0537294,0.0592585,0.575339,0.953132,0.51919,0.500787,0.797908,0.132313,0.223607,0.240463,0.364084,3.76257,0.781653,0.277962,0.357025,0.601668,0.596798,0.564188,5.93235,2.33573,0.331416,0.285414,0.0546352
KIR3DX1,least likely,,-0.00195,-0.003,-0.0069,,,,,,,,,,217.91688,3.19122,,,,0.0553664,0.0536484,0.0715515,0.0153643,0.0159509,0.0110142,0.0149084,0.0523548,0.0309361,0.0754101,0.0253024,0.0197254,0.03211,0.0373358,0.0518332,0.0615369,0.087407,0.0635275,0.1231,0.120199,0.0430788,0.0,0.978169,0.00967073,0.0277213,0.00894685,0.0212131,0.0107614,0.00791488,0.0109259,0.0436244,0.0150683,0.00807139,0.0135669,0.0146914,0.0314596,0.297019,0.0235865,0.0103261,0.0187374,0.0145555,0.00537298,0.0218519,0.0124256,0.00652059,0.00880246,0.0143679,0.603065,0.0106359,0.371277,0.0443759,0.0270293,0.0172983,0.88981
TMEM78,least likely,,-0.0086,0.0003,0.0016,,,,,,,,,,1255.60773,6.68075,,,,0.0,0.0,0.0,0.0,0.0,0.0,0.0,0.0273092,0.0243042,0.0271038,0.0471678,0.0673999,0.0281751,0.0286698,0.0252238,0.0203206,0.0286443,0.0226372,0.0223093,0.0172663,0.0206863,0.0,0.0,0.022561,0.055428,0.0,0.0,0.0,0.0,0.0,0.0,0.0,0.0,0.0,0.0251949,0.0,0.0,0.0577249,0.0192901,0.0433281,0.0,0.0253238,0.0,0.0476609,0.0,0.0,0.0,0.0,0.0,0.130451,0.0348117,0.0,0.0,0.0
FAM182B,least likely,,0.0495,0.02575,0.0871,,,,,,,,,,26.25882,0.85119,,,,0.317696,0.280165,0.299508,0.560694,0.577308,0.466733,0.378811,1.31453,1.52043,1.74842,5.52802,6.48265,2.04027,2.11431,1.41663,1.9694,1.97143,1.25799,1.04978,1.16382,0.429447,0.110042,0.0912101,1.08563,1.39238,0.504098,0.210025,0.517781,0.484774,0.461852,1.38335,0.251735,0.126044,0.205122,0.270178,0.0563413,0.606588,0.279775,0.124129,1.27563,1.37256,0.142951,2.63536,0.736342,1.82127,2.56548,0.16496,0.22025,0.221565,11.3845,1.20739,0.848913,0.85636,0.0321604
LOH12CR2,least likely,,0.046,0.06805,0.10925,,,,,,,,,,306.16498,3.72508,,,,2.22431,1.45509,1.92351,2.98573,2.77939,3.43843,2.22469,6.40793,6.15371,6.14176,2.86302,2.88998,5.85023,6.50907,5.48701,6.0113,6.78565,5.55694,8.52736,6.21024,2.15146,1.5539,0.673345,1.89951,2.11772,3.43857,1.47144,3.53889,0.538088,3.97693,3.12986,1.61188,0.965988,1.57479,2.75394,0.661395,1.40061,1.09076,0.623049,5.41599,3.008,0.933692,4.59853,2.81307,0.597282,0.669852,0.992883,1.08924,1.50641,1.77758,2.94741,3.59666,1.07122,0.359423
PAXIP1-AS2,least likely,0.146139458,,,,,,,,,,,,,12.66462,0.46207,,0.09168088,,3.9103,3.84676,3.6798,3.70321,4.22865,3.90524,4.36459,1.23718,1.35138,1.85444,9.09067,8.4155,1.56104,1.46183,1.06774,1.17867,1.62869,1.39764,1.4836,1.42819,4.29288,4.80882,5.85594,5.50646,6.30506,4.15929,2.93992,3.91954,1.8298,3.6197,6.80789,1.54589,0.751052,2.14843,2.31304,1.77775,4.39702,2.82114,0.804918,5.06538,7.67503,1.36281,5.45897,4.92059,2.41557,2.03451,3.78022,4.57562,2.83191,3.20924,4.87454,6.27736,4.39795,0.691576
RP11-176H8.1,least likely,0.111908376,,,,,,,,,,,,,15.82022,0.56301,,0.172135497,,5.00293,3.8995,1.52735,4.03068,4.61297,4.45853,2.80632,3.13195,2.41978,3.10814,2.06206,2.07029,2.11972,2.5123,3.10574,3.10319,3.33643,3.13268,3.73676,3.81668,4.24655,1.6977,1.85989,4.16356,2.77589,3.10501,1.56022,2.99104,2.10794,2.97182,4.22246,2.18891,1.08471,1.44474,1.954,0.937063,2.2165,1.82023,2.59195,6.9486,3.34863,0.796664,4.15237,2.57654,1.81374,2.00517,1.27656,1.96694,1.34485,6.02111,3.08203,3.64308,2.24892,0.157624
RP11-113D6.10,least likely,0.138881207,,,,,,,,,,,,,1931.58427,8.08594,,0.34890553,,0.0,0.0,0.0,0.0,0.0,0.0,0.0,0.0,0.0,0.0,0.0,0.0,0.0,0.0,0.0,0.0,0.0,0.0,0.0,0.0,0.0,0.0,0.0160106,0.0137288,0.0,0.0,0.0,0.0,0.0,0.0,0.0,0.0,0.0,0.0,0.00561218,0.0182137,0.0,0.0,0.0,0.0,0.0,0.0,0.0,0.0,0.0,0.0,0.0,0.0,0.0,16.8851,0.0,0.0,0.0,0.0
PTCHD3,least likely,0.123297259,0.001,-0.0001,-0.0031,0.0,0.0,1.9999034,0.070722998,,,,,,5927.22826,15.99359,1.0,6.38e-11,3.16,0.276266,0.45993,0.0,0.0,0.0396985,0.0,0.0262731,0.0,0.0,0.0,0.0,0.0,0.0,0.0,0.0,0.0,0.0,0.0,0.0,0.0,0.439041,0.0,0.0,0.0776121,0.0866453,0.0447356,0.0197123,0.0261034,0.040461,0.0320762,0.0958237,0.0,0.0,0.0,0.0,0.0,0.0343194,0.0246362,0.0,0.0,0.00740858,0.518651,0.0,0.0232019,0.0777194,0.0939223,0.0239772,0.161329,0.0153141,3.8955,0.187161,0.0,0.0941494,0.0
BRI3BP,least likely,0.42872709,0.00415,-0.0009,-0.0005,0.0,0.0,2.94081132,0.080466105,,,,,,23.69353,0.78365,1.0,0.125132505,-0.36,2.83105,3.31993,2.87851,4.76182,4.07322,2.45605,2.77386,8.05239,12.6324,9.38791,20.4625,15.7255,11.6859,18.2987,7.95114,10.1388,12.0883,7.30477,13.1499,8.37081,3.30835,8.01932,49.4382,3.01459,3.47466,2.0667,11.204,2.0676,12.6571,1.95413,3.40762,1.7382,1.39313,3.5751,5.72383,4.37406,4.21996,4.12151,0.871298,3.09731,2.27737,3.85047,5.83737,3.62721,9.50321,7.56277,15.0127,8.82672,6.82981,4.26135,5.29288,3.23001,6.65809,2.23634
SACM1L,least likely,0.693781972,-0.0053,-0.0037,-0.0123,0.500518989,0.500007495,5.31521218,0.112123056,,,,,,29.43851,0.94154,,0.721901743,-0.42,25.2817,23.8427,24.0012,29.129,28.6062,29.2663,28.0495,11.3913,14.3884,13.3979,34.5665,27.8101,16.0131,23.4506,11.6552,17.6588,13.7265,10.4394,20.1971,14.8915,25.0265,31.5161,25.9219,34.9714,36.4624,24.1327,21.7907,24.3571,18.457,23.7537,28.7388,10.6105,6.78633,13.0901,18.5736,10.4166,31.9132,22.2165,6.84177,35.1134,25.6401,10.0746,31.6323,26.1842,20.4893,19.8635,25.2778,29.2248,21.7519,17.804,43.3149,34.7856,26.9752,8.862
LDHB,least likely,0.561718941,0.0046,0.0086,0.01865,0.520848798,0.50414018,5.91252779,0.120383642,,,,,,57.25382,1.52454,,2.03e-05,-0.25,435.051,398.926,409.089,303.242,315.546,364.091,470.536,367.162,472.822,428.355,531.25,489.257,508.023,594.142,294.619,456.557,447.666,380.635,383.889,476.937,293.28,738.488,1127.89,339.895,376.903,370.519,227.756,413.357,140.54,410.725,364.696,596.174,873.758,622.262,786.406,11.9977,280.958,114.052,128.27,296.679,506.607,169.47,186.419,242.826,78.2571,78.6734,177.165,194.832,384.279,143.991,331.57,351.542,212.91,74.2765
METTL13,least likely,0.49568212,0.0137,-0.0102,0.0079,0.0,0.0,,,,,,,,3322.76582,11.02115,,0.00133198,-0.66,16.8015,14.518,19.354,16.0624,14.7707,13.4549,17.4782,5.88707,7.43199,7.69335,21.7613,18.9789,11.2938,12.1473,5.55183,7.32486,8.12636,6.4007,8.96755,6.92473,17.2336,34.8662,34.5619,21.2608,22.7471,14.0079,14.413,14.8825,14.7212,15.7049,20.4469,6.78836,6.62912,7.3992,12.7995,7.08001,16.7924,16.4043,11.0235,22.2134,17.9079,6.59795,10.8081,16.3071,17.7148,19.457,16.148,19.6314,13.0951,32.1318,17.5477,22.4574,18.0383,5.24399
PRNT,least likely,0.179693475,-0.00475,0.0023499999999999,-0.00045,,,0.0,0.052540639,,,,,,6.95921,0.25941,,0.105498859,,0.0,0.0,0.0,0.0,0.0,0.0,0.0,0.0,0.0,0.0,0.0,0.0,0.0,0.0,0.0,0.0,0.0,0.0,0.0,0.0,0.0,0.0,0.0,0.0,0.0,0.0,0.0,0.0,0.0,0.0,0.0,0.0,0.0,0.0,0.0,0.0,0.0,0.0,0.0,0.0,0.0,0.0,0.0,0.0,0.0,0.0,0.0,0.0,0.0,15.6821,0.0,0.0,0.0,0.0
FMO6P,least likely,0.170125708,-0.00255,0.0007,-0.00445,0.0,0.0,,,,,,,,580.33047,4.88346,,0.376800998,,0.218576,0.120368,0.0420816,0.168968,0.145409,0.142042,0.0190601,0.0,0.0,0.0,0.0,0.0,0.0,0.0,0.0,0.0,0.0,0.0,0.0,0.0,0.184702,0.246611,0.0,0.0,0.0345074,0.0269951,0.0170975,0.102867,0.0419607,0.0879986,0.123427,0.0310371,0.0186218,0.0454932,0.0142925,0.029309,0.419391,3.18546,0.027583,0.150351,0.0,0.0,0.0882329,0.155233,0.100685,0.154079,0.0602331,0.0,1.42602,0.0477606,0.0376396,0.038857,0.0203643,0.0
MDS2,least likely,0.179693475,0.0042,0.0161,0.017,,,0.0,0.053038083,,,,,,3048.37206,10.49529,,0.042965573,,0.0708435,0.0498867,0.0374725,0.0809463,0.14208,0.114158,0.0703297,0.0802121,0.029883,0.0752376,0.0,0.015042,0.0471508,0.0458439,0.0807863,0.0474929,0.0392669,0.0907313,0.045306,0.0506103,0.051795,0.0,0.452416,0.0513581,0.0517125,0.0205849,0.0770762,0.0302374,0.0328367,0.0247439,0.0948098,0.0263539,0.00875534,0.0394609,0.276583,0.0339932,0.285354,0.0247095,0.0169622,0.0426025,0.0283417,0.0317935,0.129829,0.0656333,0.0207655,0.024196,0.449083,0.943516,0.0353567,0.493323,1.53802,0.0496092,0.0578971,0.328155
TMEM105,least likely,0.123297259,0.0001,0.0034,0.0012,,,,0.052631346,,,,,,219.12705,3.20049,,0.011619609,0.73,0.0717115,0.0420117,0.274119,0.0463873,0.0375449,0.043929,0.209741,0.0194848,0.0179197,0.0162766,0.0159402,0.0204466,0.0230931,0.0174813,0.0205014,0.0195546,0.0148876,0.0145506,0.0672839,0.0216275,0.19312,0.0110185,0.0144868,0.0467956,0.0324287,0.0346792,0.116685,0.0324311,0.464685,0.0282987,0.0556298,0.00738062,0.0,0.458552,0.0340725,1.43849,0.26165,0.315352,0.16265,0.0954095,0.0654389,0.0213654,0.0583301,0.143064,0.271143,0.365942,0.208458,0.27837,0.0531466,0.300096,0.35443,0.0422403,0.42327,0.0326174
GABARAPL3,least likely,0.171224996,-0.0033,0.0001,-0.0032,,,,0.092183797,,,,,,475.10373,4.50403,,0.019405965,,0.021819,0.0224791,0.0267056,0.0,0.0347601,0.0581324,0.033544,0.0329738,0.0581623,0.0546046,0.175395,0.141579,0.0592356,0.0801114,0.035134,0.0907459,0.0754803,0.0472907,0.0208279,0.0321878,0.0213379,0.0,0.0,0.0,0.0343899,0.0,0.0,0.0141015,0.0,0.0,0.0,0.021407,0.0183604,0.0175814,0.0367341,0.016121,0.0300371,0.0333116,0.036596,0.0277574,0.0353034,0.0402151,0.0978896,0.0,0.0,0.0,0.0130542,0.0,0.0199936,0.840847,0.0302424,0.0293578,0.0,0.0
EIF2S3L,least likely,0.375431418,0.0034,-0.01165,-0.0036499999999999,,,,,,,,,,2315.23154,8.90959,,0.147907105,,0.285121,0.241998,0.203026,0.273591,0.266669,0.37324,0.224292,0.0553792,0.065859,0.0683401,0.170243,0.141149,0.0719968,0.102942,0.0526063,0.0599442,0.0716255,0.053561,0.121887,0.0760047,0.259764,0.538222,0.844305,0.303778,0.364984,0.303244,0.469787,0.235479,0.228861,0.246681,0.318078,0.114712,0.0778795,0.0991694,0.113477,0.0799235,0.296178,0.212664,0.165994,0.274754,0.601797,0.161787,0.14607,0.19105,0.252049,0.266198,0.443561,0.182784,0.218415,2.64307,0.26533,0.388873,0.366285,0.151374
RFPL3S,least likely,0.146139458,0.003,0.003,0.0212,,,,,,,,,,28.92481,0.92393,,0.415441822,,0.648079,0.702279,0.465675,0.881984,0.913557,0.712104,0.923728,0.653704,0.649478,0.980614,5.0397,4.99092,0.897246,0.812406,0.802355,0.97872,1.0408,0.853463,1.06857,0.68667,0.871495,0.245911,0.946083,1.84579,1.60458,0.899847,0.724638,0.770944,0.429532,0.698982,1.15532,0.288547,0.159532,0.656864,1.24233,0.388028,1.1831,0.687027,0.235224,1.72776,1.68637,0.36143,2.62571,1.87416,1.21759,1.05248,1.06229,2.34467,0.678057,64.7789,1.37032,1.33019,1.17604,0.395956
TLX1NB,least likely,0.179693475,0.0103,-0.0002,0.0265,,,,,,,,,,838.36016,5.67049,,0.019335617,,0.0,0.0,0.0,0.0,0.0,0.0,0.0,0.0,0.0,0.0,0.0,0.0,0.0,0.0,0.0,0.0,0.0,0.0,0.0,0.0,0.0,0.0,0.0,0.0,0.0,0.0,0.0,0.0,0.0,0.0,0.0,0.0,0.0,0.0,0.0,0.0,0.0,0.632169,0.0,0.0,0.0,0.0,0.0,0.0,0.0,0.0,0.0,3.23103,0.0,1.67001,0.0,0.0,0.0,0.0
PRR25,least likely,0.179693475,-0.0034,0.0011,0.0009,,,,,,,,,,3429.21292,11.24303,,3.13e-06,,0.086247,0.0412856,0.0463611,0.121156,0.105002,0.0764343,0.166341,0.124343,0.136589,0.125683,0.305427,0.267247,0.190655,0.159587,0.129206,0.135034,0.152183,0.127433,0.152991,0.11311,0.0903331,0.123246,0.224228,0.0448066,0.225462,0.110699,0.106046,0.101343,0.0792539,0.0979855,0.238036,0.0222922,0.0192003,0.054797,0.140908,0.0240839,0.106183,0.0917531,0.0,0.215158,0.16955,0.0245377,0.187685,0.174114,0.058845,0.0619711,0.180288,0.246126,0.0854355,0.537825,0.240924,0.170255,0.106428,0.10088
COX6A1P2,least likely,0.139342904,-0.0096,0.0065,-0.0177,,,,,,,,,,179.81977,2.91368,,0.139600416,,2.86679,2.69875,2.44916,2.94097,2.97364,3.53535,2.00435,6.11085,5.33469,3.62519,3.14057,2.96631,4.93294,5.74064,4.47008,4.49759,4.03182,3.39469,3.84091,5.27619,2.64958,2.24555,3.42909,1.80571,1.59806,2.81259,3.45208,2.61658,3.48807,2.88552,2.61624,0.826091,0.603163,2.86961,3.89378,2.01895,3.16768,1.95829,0.258921,2.68815,1.97098,0.859242,3.04681,2.37905,2.70706,3.16473,4.09096,4.87448,2.6454,2.81402,3.50419,2.23203,2.76381,1.36303
C11orf40,least likely,0.146139458,0.0049,-0.0018,0.0047,,,,,,,,,,,,,4.85e-08,0.8,0.0,0.0,0.0,0.0,0.0,0.0,0.0,0.0,0.0,0.0,0.0,0.0,0.0,0.0,0.0,0.0,0.0,0.0,0.0,0.0,0.0,0.0,0.0,0.0,0.0,0.0,0.0,0.0,0.0,0.0,0.0,0.0,0.0,0.0,0.0,0.0,0.0,0.0,0.0,0.0,0.0,0.0,0.0,0.0,0.0,0.0,0.0,0.0,0.0,0.0,0.0,0.0,0.0,0.126992
LINC00692,least likely,,-0.00295,-0.0105,-0.0047,,,,,,,,,,76.32231,1.83132,,,,0.0,0.0,0.0,0.0,0.0,0.0,0.0,0.0,0.0,0.0,0.0,0.0,0.0,0.0,0.0,0.0,0.0,0.0,0.0,0.0,0.0,0.0,0.0,0.0,0.0,0.0,0.0,0.0,0.0,0.0,0.0,0.0,0.0,0.0,0.0,0.0,0.0,0.0,0.0,0.0,0.0,0.0,0.0,0.0,0.0,0.0,0.0,0.0,0.0,11.987,0.0,0.0,0.0,0.0
PALM2,least likely,0.132359073,0.00185,-0.003,0.0021999999999999,,,,,,,,,,62.549,1.61635,,0.003893171,-0.11,2.10847,1.42533,0.712634,3.95068,1.72538,2.331,0.302035,1.34897,1.08923,1.19395,0.394815,0.414613,1.51512,1.63796,1.588,1.56183,1.31494,1.2499,1.25066,1.11389,1.13703,2.61602,0.0793873,0.935317,0.864614,0.274765,0.133244,0.275852,0.130803,0.235026,0.525546,1.63019,0.782174,0.155363,0.429585,1.41016,2.37719,0.35551,0.178258,0.503156,0.324913,0.0795425,0.697898,0.220066,0.433477,0.422295,0.143988,0.0295098,0.0965158,0.298579,1.03269,1.6431,0.24198,0.0
DSCR4,least likely,0.146139458,0.0013,0.0016,0.0043,,,,,,,,,,38.01909,1.12894,,0.001317005,,0.0,0.0,0.0,0.0,0.0,0.0,0.0,0.0,0.0,0.0,0.0,0.0,0.0,0.0,0.0,0.0,0.0,0.0,0.0,0.0,0.0,0.0,0.0,0.0,0.0,0.0,0.0,0.0,0.0,0.0,0.0,0.0,0.0,0.0,0.0,0.0,0.0,0.0,0.0,0.0,0.0,0.0,0.0,0.0,0.0,0.0,0.0,0.0,0.0,0.914702,0.0,0.0,0.0,0.0
C15orf32,least likely,0.146139458,-0.0010999999999999,0.0008,0.0096,,,,,,,,,,,,,0.005509554,0.46,0.0,0.0,0.0,0.0,0.0,0.0,0.0,0.0,0.0,0.0,0.0,0.0,0.0,0.0,0.0,0.0,0.0,0.0,0.0,0.0,0.0,0.0,0.0,0.0,0.0,0.0,0.0,0.0,0.0,0.0,0.0,0.0,0.0,0.0,0.0,0.0,0.0,0.0,0.0,0.0,0.0,0.0,0.0,0.0,0.0,0.0,0.0,0.0,0.0,2.63846,0.0,0.0,0.0,0.0
LINC00923,least likely,,-0.0007,-0.0041,-0.0092,,,,,,,,,,31.91972,1.00405,,,,0.0533271,0.10978,0.462361,0.0140517,0.0469688,0.00894724,0.388222,0.0842004,0.0987061,0.0540268,0.00823859,0.0155969,0.212935,0.197796,0.0618646,0.103373,0.0521208,0.0260047,0.0456236,0.0495217,0.0776554,0.0,0.0,0.296437,0.433755,0.521519,0.407209,0.78748,0.0764505,1.47836,0.299722,0.184805,0.157336,0.0605933,0.166885,0.124895,0.176084,0.0494933,0.0,0.333738,0.0886934,0.235629,0.79611,0.24792,0.0276238,0.0236102,0.224806,0.171071,0.117954,1.45915,0.743723,0.419927,0.133683,0.0
GTSCR1,least likely,,0.0009,0.0057,0.0068,,,,,,,,,,263.8848,3.48523,,,,0.0,0.0,0.0,0.0,0.0,0.0,0.0,0.0,0.0,0.0,0.0,0.0,0.0,0.0,0.0,0.0,0.0,0.0,0.0,0.0,0.0,0.0,0.0,0.0,0.0,0.0,0.0,0.0,0.0,0.0,0.0,0.0,0.0,0.0,0.0,0.0387683,0.0,0.0,0.0,0.0,0.0,0.0,0.0,0.0,0.0,0.0,0.0,0.0830164,0.0,1.16751,0.0,0.0,0.0,0.198994
MTRNR2L9,least likely,,0.00025,0.0004,0.0004,,,,,,,,,,0.6781,0.01089,,,,0.0,0.0,0.0,0.0,0.0,0.0,0.0,0.0,0.0,0.0,0.0,0.0,0.0,0.0,0.0,0.0,0.0,0.0,0.0,0.0,0.0,0.0,0.0,0.0,0.0,0.0,0.0,0.0,0.0,0.0,0.0,0.0,0.0,0.0,0.0,0.0,0.0,0.0,0.0,0.0,0.0,0.0,0.0,0.0,0.0,0.0,0.0,0.0,0.0,0.0,0.0,0.0,0.0,0.0
LINC00908,least likely,,0.00055,-0.0006,-0.0045,,,,,,,,,,1.92553,0.0606,,,,0.196207,0.37598,2.84958,0.118598,0.147214,0.178362,0.720319,0.0403747,0.0200512,0.0518785,0.0108888,0.0175088,0.0220022,0.0180668,0.0321514,0.0654491,0.0567797,0.0315534,0.10683,0.048256,0.656605,0.265352,2.17279,5.91677,7.50513,0.448358,0.265089,0.385741,0.214573,0.237882,4.4301,0.13333,0.0335954,0.371395,0.223385,0.0348889,0.637289,0.277724,0.0269543,1.02786,7.18869,0.119981,1.48766,2.38858,0.656174,0.440292,0.371656,0.243944,0.245024,3.74866,2.00637,4.30487,3.35814,0.0484841
LINC01101,least likely,,-0.0041,-0.0105,-0.0167,,,,,,,,,,1382.1205,6.966,,,,0.0,0.0,0.0,0.0,0.0,0.0,0.0,0.0,0.0,0.0,0.0,0.0,0.0,0.0,0.0,0.0,0.0,0.0,0.0,0.0,0.0,0.0,0.0,0.0,0.0,0.0,0.0,0.0,0.0,0.0,0.0560136,0.0,0.0,0.0,0.0137408,0.0,0.0,1.5919,0.0,0.0,0.0,0.0,0.0348176,0.0,0.0,0.0,0.0,0.0,0.0,0.57027,0.0,0.0,0.0,0.0
TPRXL,least likely,,0.0008,-0.01675,-0.00135,,,,,,,,,,3182.26774,10.74367,,,,0.173397,0.155303,0.0411856,0.071033,0.0985624,0.0766504,0.304815,0.0674452,0.0843578,0.0694925,0.0413619,0.0458948,0.10842,0.0994501,0.0584206,0.0953499,0.0841763,0.0567202,0.0784895,0.0591985,0.227833,0.0286567,0.00297422,0.341547,0.163664,0.0919621,0.0711648,0.120673,13.0264,0.131344,0.272274,0.0633148,0.0354917,0.0692832,0.103304,0.00927575,0.112851,0.184055,0.0250001,0.194483,0.369614,0.0183724,0.191196,0.796948,3.30661,3.01645,0.116971,0.182095,0.0412831,5.15588,0.138785,0.251325,6.85907,0.0
RP11-144F15.1,least likely,0.179693475,,,,,,,,,,,,,25.66225,0.83636,,0.021976295,,0.149204,0.130842,0.178875,0.100001,0.126237,0.109673,0.172818,0.0753685,0.113535,0.166196,0.116534,0.149383,0.10996,0.120761,0.0789257,0.0972843,0.169509,0.111198,0.09737,0.060837,0.154677,0.146828,0.0542527,0.458056,0.232967,0.0870772,0.121623,0.0835401,0.212255,0.069583,0.0888247,0.0959007,0.0493059,0.0820153,0.0715135,0.146698,0.19501,0.20743,0.0381248,0.315657,0.330188,0.113274,0.253185,0.239752,0.314368,0.282401,0.0990113,0.120798,0.117203,0.343548,0.23283,0.206308,0.333063,0.0
RP11-321M21.3,least likely,0.146139458,,,,,,,,,,,,,5.6687,0.21275,,0.099221673,,0.0,0.0,0.0,0.0,0.0,0.0,0.0,0.0,0.0,0.0,0.0,0.0,0.0,0.0,0.0,0.0,0.0,0.0,0.0,0.0,0.0,0.0,0.0,0.0,0.0,0.0,0.0,0.0,0.0,0.0,0.0,0.0,0.0,0.0,0.0,0.0,0.0,0.0,0.0,0.0,0.0,0.0,0.0,0.0,0.0,0.0,0.0,0.0,0.0,1.9942,0.0,0.0,0.0,0.0
RP11-80A15.1,least likely,0.146139458,,,,,,,,,,,,,26.9166,0.87069,,0.108183261,,0.261575,0.165179,0.322195,0.0708587,0.111668,0.0892846,0.148048,0.0991834,0.142668,0.144535,0.0,0.0,0.10046,0.104544,0.0945597,0.0935713,0.127855,0.0956397,0.121859,0.121027,0.30722,0.703341,0.317662,0.241329,0.248242,0.0667254,0.152838,0.122762,0.151541,0.0968819,0.176918,0.0447403,0.0,0.276004,0.384452,0.278096,0.161754,0.30894,0.0,0.199884,0.157267,0.210259,0.548067,0.317531,0.30258,0.357253,0.138538,0.201085,0.18798,1.10703,0.696675,0.184788,0.198422,0.0
CTD-3088G3.8,least likely,,,,,,,,,,,,,,30650.02154,33.88234,,,,0.542603,0.804567,0.18999,1.84721,0.848193,0.885079,0.622914,0.156525,0.154872,0.195344,0.297088,0.338201,0.179558,0.137244,0.192068,0.166433,0.218742,0.162222,0.467782,0.248161,0.628098,0.0238137,0.3754,1.51291,1.54004,0.305696,0.404314,0.266179,0.203027,0.221928,1.88217,0.351593,0.257583,0.464433,0.825174,0.400353,3.1653,0.614371,0.404853,1.15684,0.568617,0.178662,0.59993,1.0989,1.18111,1.91972,0.600105,7.32972,0.426307,4.03908,0.694076,0.962391,0.700624,19.3684
RP11-362K2.2,least likely,,,,,,,,,,,,,,662.95253,5.16005,,,,0.0,0.0691933,0.0,0.0,0.0,0.0,0.0274702,0.0193909,0.0562971,0.0,0.0,0.0,0.0254651,0.0207679,0.0336254,0.0183958,0.0,0.0,0.0,0.0,0.0263694,0.0285978,0.0,0.0,0.0,0.0,0.0,0.0,0.0,0.0,0.0,0.0,0.0,0.0,0.0,0.0,0.0,0.0933142,0.212332,0.0,0.0,0.0,0.0,0.0,0.0,0.0,0.0,0.0,0.0,0.240821,0.0,0.0,0.0,0.0
RP11-180C1.1,least likely,,,,,,,,,,,,,,17.4404,0.61106,,,,0.0,0.0,0.0,0.0,0.0,0.0,0.0,0.0,0.0,0.0,0.0,0.0,0.0,0.0,0.0,0.0,0.0,0.0,0.0,0.0,0.0,1.11002,0.0,0.0,0.0,0.0,0.0,0.0,0.0,0.0,0.0,0.0,0.0,0.0,0.0,0.0,0.0,0.0,0.0,0.0,0.0,0.0,0.0,0.0,0.0,0.0,0.0,0.0,0.0,5.54057,0.0,0.0,0.0,0.0
RP11-67H2.1,least likely,,,,,,,,,,,,,,0.58942,0.00845,,,,0.0,0.0,0.0,0.0,0.0,0.0,0.0,0.0,0.0,0.0,0.0,0.0,0.0,0.0,0.0,0.0,0.0,0.0,0.0,0.0,0.0,0.0,0.0,0.0,0.0,0.0,0.0,0.0,0.0,0.0,0.0,0.0,0.0,0.0,0.0,0.0,0.0,0.0,0.0,0.0,0.0,0.0,0.0,0.0,0.0,0.0,0.0,0.0,0.0,0.0196865,0.0,0.0,0.0,0.0
RP11-65D24.2,least likely,,,,,,,,,,,,,,30.12875,0.96117,,,,0.0,0.0,0.0,0.0,0.0,0.0,0.0,0.0,0.0,0.0,0.0,0.0,0.0,0.0,0.0,0.0,0.0,0.0,0.0,0.0,0.0,0.0,0.0,0.0,0.0,0.0,0.0,0.0,0.0,0.0,0.0,0.0,0.0,0.0,0.0,0.0,0.0,0.0,0.0,0.0,0.0,0.0,0.0,0.0,0.0,0.0,0.0,0.0,0.0,1.17841,0.0,0.0,0.0,0.0
RET,probable,0.806311309,0.004,0.0007999999999999,0.00675,0.626229365,0.519351961,12.8490072,0.286525404,0.0,0.000626566,0.0,0.0,0.007,1155.10498,6.47477,,0.999889044,-1.61,0.984425,1.20482,1.17234,0.183779,0.464922,0.124791,0.600731,0.674722,1.86456,0.537199,2.80099,4.02997,2.75659,3.75916,0.660459,3.72805,0.737777,0.422487,0.697806,6.29769,0.985802,0.0580689,0.0360053,1.25272,1.72405,4.01792,1.90466,1.77372,0.246496,1.86713,0.704304,0.207966,0.312384,0.576294,0.652675,0.823939,0.470415,0.725618,0.405021,0.443097,0.668333,0.437524,4.81746,1.46755,0.676052,0.632386,1.0242,0.17869,1.79724,3.25417,0.943958,0.943618,1.39279,0.113555
PDE6C,probable,0.492040008,-0.001,0.00665,-0.0087,0.503814916,0.502585843,0.0,0.052540639,0.0,0.0,0.0,0.000577738,0.0,3123.84709,10.63181,1.0,7.42e-08,0.12,0.466912,0.290527,0.215528,0.47602,0.427364,0.426999,0.608496,0.141607,0.162049,0.240843,1.98308,1.79322,0.222895,0.251507,0.16263,0.205751,0.270526,0.21118,0.306695,0.159951,0.484629,0.2073,0.186514,1.14645,1.0152,0.435728,0.339157,0.477421,0.270945,0.430259,0.853749,0.171211,0.108601,0.181804,0.275326,0.202267,0.524186,0.396376,0.197655,1.06488,0.880748,0.148514,0.755872,0.64465,0.56082,0.571993,0.425798,0.48528,0.280307,0.631568,0.658576,0.852832,0.690838,0.0484162
GRIA4,probable,0.749501348,0.0018,0.0033,0.01425,0.500478197,0.500082993,7.96791902,0.159237608,0.333333,0.00344612,1.0,0.016365,0.014,39.34342,1.16364,1.338230073,0.98874921,-1.09,0.0744728,0.0403929,0.0588607,0.2447,0.0901602,0.104998,0.0802118,7.00655,11.4701,4.23882,57.8284,45.317,11.226,17.7667,5.85856,13.8953,5.32026,3.11684,12.3333,9.14263,0.421905,0.0200325,0.0342633,0.124655,0.207298,1.01852,0.63763,0.124195,0.0228656,0.103363,0.731775,0.0441342,0.0200591,0.222743,0.0241189,0.0106298,0.0773691,0.116406,0.0465122,0.178248,0.0998037,0.202394,1.62579,0.109853,0.360663,0.346998,1.88951,0.037806,1.6602,0.188926,0.118622,0.150515,0.11479,0.00499629
GUCY1A2,probable,0.745749354,0.0005499999999999,-0.0023499999999999,0.0008,0.5035534,0.501702532,,,,,,,,25.81831,0.84013,,0.377257493,-1.05,6.11539,3.30407,1.41983,1.0775,2.69517,1.21368,1.0658,1.59312,3.06473,4.84478,4.33173,3.56052,2.74565,5.03274,1.90982,2.57377,3.73882,3.92721,1.38585,1.56991,3.09996,0.295071,0.00686294,12.5589,14.2994,1.12612,0.445988,1.42824,0.348602,1.60308,11.396,0.598329,1.59885,0.946171,0.691264,0.339026,7.43243,0.916344,1.37221,2.5313,1.5674,1.29388,0.645505,2.07253,0.496131,0.875532,0.437229,2.62814,0.308571,1.18831,2.08472,16.0488,4.06233,0.00443843
GRIK4,probable,0.622939706,-0.0008,-0.0001,-0.0002,0.500026669,0.500004153,6.70439895,0.134330582,,,,,,476.06358,4.50654,1.0,0.630846158,-0.55,0.0584056,0.0475028,1.8747,0.0184874,0.0269766,0.022863,0.0975198,2.87776,5.19449,5.46445,2.03176,4.29462,4.49502,4.49915,4.08428,5.0775,3.15633,4.48047,4.83028,3.19377,0.142631,0.00540394,0.396466,0.121057,0.153086,0.122695,0.0930186,0.184741,0.187249,0.193342,0.166642,0.189922,0.0191375,0.069743,0.2765,0.0227414,2.42613,0.133383,0.0335642,0.329009,3.33344,0.00317855,2.65544,0.487926,0.151414,0.176194,0.126337,0.586592,0.0381815,2.06455,1.83013,0.132166,0.266219,0.0682486
PDE3B,probable,0.694493771,-0.02485,-0.0072499999999999,-0.0020499999999999,0.502717551,0.500649001,5.79352575,0.119832034,0.0,0.0188383,0.125,0.0092444,0.01,220.4717,3.20931,1.023500578,0.00361647,0.07,17.0137,10.8872,0.316277,5.85918,2.14213,0.471484,9.65075,0.652247,1.26258,0.702909,12.3483,11.7223,1.39463,1.4838,0.779544,1.13812,0.817688,0.676996,0.996518,0.660798,5.53441,0.0980678,2.01144,1.65304,1.6797,25.6482,10.323,3.35473,0.960893,5.01432,0.638952,2.16401,0.937207,0.676219,0.566117,5.56019,8.76013,3.44969,0.119145,1.38563,0.410251,2.72272,4.64986,5.05334,0.336629,0.414455,4.7091,4.70245,1.5061,7.62595,0.785413,0.421616,1.79981,3.43539
ABCC8,probable,0.771454096,-0.00895,0.0085,0.00185,0.536444679,0.526361041,3.63608214,0.08914801,0.0,0.0150376,0.0,0.0071864,0.008,407.27264,4.2315,3.0,3.94e-15,-2.09,0.344894,0.524966,0.374595,0.120094,0.212239,0.189693,0.398914,6.93692,14.5522,9.76299,106.125,125.935,30.0186,22.182,8.25376,10.1244,10.187,6.88981,9.74942,5.38241,1.65406,0.0113234,0.0179703,8.81591,4.31605,1.45088,1.12481,0.534672,0.12661,0.537444,1.70193,1.51789,0.967023,0.455654,0.739279,0.0836391,5.5863,0.0720083,1.15933,5.19364,0.686187,10.09,74.0619,3.42677,0.187323,0.186953,1.5584,0.202676,6.49074,1.04186,7.07713,2.25624,2.05341,0.0134976
TH,probable,0.792615056,-0.0186,-0.0088,-0.031,0.527352523,0.521368099,12.62564792,0.279506442,0.222222,0.0018797,0.0,0.0,0.002,2945.63638,10.29111,3.0,0.004098744,-0.95,0.0383525,0.182749,4.16756,0.032721,0.118751,0.021185,0.903565,0.461868,0.693098,5.42479,0.0326088,0.0446592,0.575162,0.514561,0.714068,14.1397,3.64229,0.797791,0.0802941,45.8158,0.0991424,0.0,0.0138184,0.645856,0.909618,0.119462,0.112479,0.38832,0.516143,0.407229,0.45145,0.0373551,0.0343506,0.084383,0.427995,0.362574,0.0947661,0.0990919,0.0148918,0.484866,1.13035,0.1088,2.59871,0.302583,0.596787,0.441497,0.213098,0.293351,0.194291,1.30405,0.146626,0.44963,0.627521,0.0
F2,probable,0.634786546,0.0016,-0.0108,-0.0089,0.511558842,0.502306672,7.86340488,0.155963167,,,,,,1350.01732,6.90025,3.0,0.959943188,-0.71,0.0436227,0.0422147,0.0388778,0.183414,0.263856,0.562878,0.230383,0.0608626,0.0691144,0.159036,1.70038,1.63811,0.109794,0.102271,0.0663203,0.177328,0.20262,0.122202,0.101464,0.0501632,0.0439019,0.0314615,0.0281983,0.177761,0.0936022,0.423355,0.178708,0.218913,0.0599814,0.217152,0.11964,0.0563038,0.060409,0.0734022,0.0408405,599.629,0.0535151,0.037074,0.0302997,0.0620192,0.187456,0.0319912,0.161261,0.162424,0.0260605,0.0214131,0.0909285,0.0899843,0.358731,1.38948,0.0547054,0.144416,0.100601,0.0727988
NDUFS3,probable,0.320700407,-0.0002999999999999,0.0845,0.1445,0.500372015,0.500012624,5.62602042,0.116013336,,,,,,27.09868,0.87476,3.0,0.047137034,-0.16,38.3341,34.7776,54.8533,37.1929,38.357,38.1845,40.1896,41.1691,51.3875,72.3401,77.6744,67.6211,54.5278,68.7026,41.3725,49.4077,60.0823,68.7925,36.3436,47.1296,37.007,49.0399,62.5508,38.3326,43.8178,50.0783,55.9096,41.9851,46.5139,42.1489,37.3734,41.2143,61.7201,36.7924,57.1115,28.5577,37.2514,38.2217,78.5766,41.0213,34.488,17.0321,54.4568,37.661,42.8097,44.6657,46.963,43.9076,42.5984,48.6447,47.3864,42.6899,40.0514,13.2736
CHRM1,probable,0.70702368,0.0133,0.027,0.0177,0.502194612,0.501911245,8.90281048,0.176944408,,,,,,12.14409,0.4394,,0.931378497,-0.69,0.0274403,0.038613,0.0699256,0.0208564,0.0304262,0.0840737,0.0694208,14.7733,27.6392,25.7426,0.198177,0.198095,55.177,52.4288,18.5611,1.46272,37.87,21.436,0.293911,0.489674,0.667113,0.0214162,0.0129208,0.167121,0.137025,0.66986,0.598586,0.243645,0.0494328,0.236687,0.0781488,0.0388775,0.0238667,0.120555,0.0882214,0.00964019,2.17144,18.8095,0.0149278,0.0607476,0.0254597,0.0795591,0.0484809,25.6421,3.14088,4.18041,0.396404,0.0114082,0.598193,0.177064,0.154088,0.0742118,0.053599,0.0116904
PDE2A,probable,0.75617367,-0.0006,-0.0075499999999999,-0.0166,0.522325978,0.502575906,10.31241968,0.214518704,0.0,0.000626566,0.0,6.41684,0.0,357.59713,4.00736,1.0,0.988417593,-1.09,83.6608,70.1282,26.9135,7.37688,19.6164,12.6844,31.1611,42.0336,65.0908,45.2419,2.21172,3.26353,89.3683,77.1127,35.0707,13.5125,50.5669,36.3214,4.96283,4.41806,69.072,0.207386,0.132844,49.1355,42.3714,35.0918,18.0697,26.2871,8.7603,23.2033,46.5931,16.7505,8.60099,15.9873,13.5683,4.74434,12.6291,7.10965,6.31162,28.1664,10.0002,2.17261,11.1906,19.4293,12.2503,15.4119,13.9836,181.624,8.80236,8.4564,27.6596,46.805,23.43,0.745161
PAH,probable,0.527515531,-0.0017,0.00505,0.00695,0.506234797,0.500296532,0.0,0.051636578,0.216216,0.00538827,0.55,0.00533934,0.007,115.70583,2.33963,1.0,1.2e-10,-0.71,0.0122253,0.0427837,2.95855,0.0131205,0.01895,0.0,0.030637,0.845428,1.56529,0.515892,0.432994,0.612518,2.21542,2.47511,0.573144,0.565184,0.208067,0.3731,1.1296,0.641233,0.0616159,0.0,0.0795956,0.039961,0.0324619,0.0712051,0.035382,0.0250113,0.0246837,0.023183,0.0661753,0.0108031,0.0,28.5943,6.36514,252.492,0.0255288,0.0571834,0.00619285,0.0948965,0.0801822,3.01599,2.57442,0.278057,0.012121,0.0108512,0.055623,0.0385018,0.0379638,4.41485,0.268439,0.0276874,0.0313034,0.014856
GRIN2B,probable,0.778094649,0.0042,0.0033,0.006,0.501736238,0.500530786,10.67917885,0.221813015,0.0,0.00501253,0.0,0.0946605,0.076,41.83799,1.21856,,0.999994896,-2.41,0.0375207,0.0548507,0.00744376,0.00427688,0.0130188,0.00762543,0.00676347,2.04687,3.77189,3.99781,0.556476,0.583835,5.07314,6.86726,2.67902,1.5226,5.56279,2.3078,0.17123,0.399433,0.0517788,0.00761008,0.00334462,0.0157713,0.01975,0.0230605,0.0316061,0.0246109,0.0115106,0.020042,0.0213295,0.00550971,0.00293746,0.0193851,0.0318961,0.0164392,0.028681,0.0240421,0.0025393,0.95819,0.0181679,0.00368547,0.0592792,0.0119557,0.0205222,0.0222037,0.0410926,0.0116746,0.0305021,0.631728,0.0312682,0.012803,0.0155512,0.00164657
PDE3A,probable,0.746229529,-0.002,-0.00735,-0.0063,0.669546701,0.551842227,1.99962367,0.07026291,0.0,0.000626959,0.916667,0.0120629,0.01,1899.16799,8.01225,45.0,0.106612096,-1.1,11.923,8.87904,0.662657,47.5316,46.6544,66.0557,4.35148,1.3928,1.07827,1.85775,5.88695,5.44532,0.983381,0.87593,0.964427,1.37352,1.52935,1.25271,1.00443,1.11657,6.83704,1.20246,0.0277649,11.0153,18.2995,28.2377,22.6499,37.4457,1.50722,34.5142,9.08769,22.7791,30.7248,2.23246,3.90782,0.732066,7.43953,1.19935,1.62575,8.38602,6.21667,4.37511,2.59756,6.3285,1.11472,2.00096,14.8918,2.51811,1.90742,0.91261,6.20424,9.66438,4.05576,0.0593866
NDUFA9,probable,0.3769328,0.0038499999999999,-0.0143,-0.0004,0.500343496,0.500011146,5.33400093,0.111476994,,,,,,156.86301,2.73582,,0.542744184,0.31,11.0805,9.99318,13.0781,10.9327,11.2233,12.2739,12.3935,6.70587,9.25347,8.44285,21.6849,17.4926,10.9251,13.9078,6.68234,8.76826,8.6892,7.03169,8.48216,7.50476,11.1318,14.7099,25.2306,12.2234,11.7895,13.7089,17.0518,12.5813,13.4931,13.3059,12.2025,17.108,24.571,10.6338,14.8796,7.9681,11.4965,11.6688,24.5059,12.5527,10.0153,4.54372,11.3557,10.5742,11.5758,12.1937,14.3887,11.2565,12.5412,9.25965,12.1713,13.3419,12.0705,3.97956
VDR,probable,0.786468923,0.00535,0.0031,0.015,0.857904394,0.668495209,4.75766587,0.103577578,0.166667,0.00253566,0.0,0.0,0.011,55.75589,1.49969,45.0,0.392125212,-0.62,3.71866,2.98993,11.7527,6.09025,3.11737,3.44828,4.37677,0.0763366,0.136419,0.0600389,0.266532,0.227146,0.167415,0.163979,0.0631696,0.299689,0.051718,0.036067,0.115552,0.059636,6.4087,21.3092,7.89811,5.60171,3.18064,1.11379,22.8516,1.17883,17.9224,0.911436,2.09882,0.837415,0.178733,9.82517,3.30652,0.334088,12.3664,8.24028,1.41063,1.12415,0.722699,1.18156,19.1386,2.66973,32.0536,28.9864,25.3858,3.63426,2.06579,1.51429,3.74331,1.40408,13.5221,7.33678
SCN8A,probable,0.680501699,-0.0055,0.0029,0.0015,0.509140511,0.506028074,6.93367001,0.139527258,0.222222,0.000626566,0.0,0.0,0.025,100.07778,2.16874,,0.99999829,-1.75,0.23229,0.32216,0.509784,0.127377,0.17592,0.0721027,0.156712,2.96982,7.54784,5.34241,26.3688,28.2238,14.8275,17.8887,5.00441,3.88075,6.56436,4.2133,1.33201,1.65404,0.394532,8.09553,0.0249006,0.562369,0.711222,0.372053,0.683735,0.199467,0.235542,0.200124,0.365112,0.0636281,0.0757611,0.61518,0.326159,1.40935,0.260444,0.376504,0.0411646,0.522873,0.686955,0.805158,10.9359,1.00661,0.241769,0.245103,0.353811,0.78407,0.376003,2.57787,0.613329,0.461362,0.351729,0.0781171
PDE1B,probable,0.774626613,0.0009,-0.0001,0.0001,0.503834074,0.502468749,1.98416599,0.06996536,0.0,0.0,0.0243902,0.00752702,0.006,30.45684,0.9706,,0.946737284,-0.16,35.8895,27.9455,3.10136,40.9461,19.8784,30.7552,29.2314,16.3357,27.3669,202.557,9.45969,16.9762,58.4599,55.4581,11.6719,15.271,155.317,166.602,3.84815,6.21551,20.6153,0.124622,4.44733,19.7715,12.8355,20.0796,5.94304,12.6916,3.38334,8.74359,12.6566,2.31929,2.47265,2.48044,5.61569,0.76794,9.11877,3.21632,1.19713,11.8986,28.0282,0.942694,1.29733,5.31709,3.59017,5.7899,9.60403,19.0739,3.66751,4.78424,12.281,13.8973,7.08908,7.00806
AVPR1A,probable,0.388514519,-0.0012,0.0009,-0.0006,0.970139227,0.573702516,2.91771647,0.080074988,0.0,0.0,0.0,0.00109205,0.001,360.41032,4.01799,1.0,1.29e-05,-0.25,22.9418,23.2387,35.5012,1.55375,4.88181,42.7901,4.87209,0.150936,0.21331,0.101172,0.0635905,0.076668,0.203572,0.243212,0.173475,0.248846,0.0763905,0.0680489,0.0992919,0.142072,13.6648,0.0281945,0.0273869,13.1254,17.647,2.66158,1.58483,3.22145,0.835678,2.84995,9.02131,0.503235,0.956415,2.34265,1.08614,9.97207,0.679992,1.73115,1.10581,4.06032,1.15431,0.596794,0.934033,2.94559,1.93395,2.96307,1.06826,0.470662,1.49391,0.706631,13.5456,11.3735,5.14503,0.0387486
NDUFA12,probable,0.218234867,5e-05,-0.00085,-0.01155,0.500363364,0.500011701,4.79383811,0.104095731,,,,,,10.36158,0.3772,,0.002015993,-0.1,35.9233,35.1907,37.7535,44.2971,43.6278,52.5088,41.8245,33.1242,42.6328,35.9568,54.3702,44.867,42.1086,55.0279,30.8403,40.8842,39.471,32.2575,35.4206,36.9916,33.8195,48.5619,66.9428,34.0832,36.4471,49.2694,43.4026,43.6913,37.7438,46.0352,35.764,75.0818,78.0964,28.6953,42.9839,18.4898,40.7149,25.0832,76.8237,40.4382,32.0792,10.9408,41.638,32.6114,33.4467,33.9077,35.2784,39.0669,29.7454,35.8515,49.1989,40.1942,40.4006,13.1335
FLT3,probable,0.696868777,-0.0002,0.0033,-5e-05,0.502352709,0.500736134,8.76997499,0.17404162,0.0136054,0.00093985,0.761905,0.00835852,0.009,3420.34408,11.21944,,0.609047701,0.1,0.5626,0.382838,0.197492,0.29083,0.503474,0.307943,0.396512,0.130866,0.778229,0.113968,22.5447,19.6589,0.970012,1.14246,0.228512,0.929515,0.0880277,0.102798,3.32469,0.512134,0.383282,0.0,0.494588,0.16518,0.27544,0.423273,0.634329,0.214445,0.399994,0.233927,0.648448,0.0632538,0.0596041,0.181295,0.0196975,0.0811088,1.57749,0.600596,0.0381492,0.686558,0.0724625,1.89945,0.0750737,0.295617,0.571323,0.569792,2.08229,5.38279,0.268295,2.77523,0.208419,0.284166,0.3051,3.43483
RXFP2,probable,0.279577017,0.0045,0.0006,0.0023,0.503883377,0.502673448,3.81588039,0.090887843,,,,,,1150.99694,6.46394,,2.94e-08,-0.18,0.0498098,0.0,0.243699,0.0373266,0.0152361,0.0484718,0.0,0.0156475,0.0188179,0.0,0.014842,0.0,0.0226692,0.0295136,0.0,0.0621104,0.203811,0.148846,0.0,0.0,0.0686843,0.0411932,0.0,0.0,0.0,0.0,0.0,0.0139947,0.0,0.0123288,0.190174,0.0,0.0,0.0,0.0,0.0,0.029261,0.0,0.0196425,0.0684934,0.0,0.0,0.0,0.0,0.0,0.0205776,0.0,0.0145069,0.0,0.524613,0.157129,0.343125,0.0,0.0497954
EDNRB,probable,0.76138556,0.012,-0.001,0.0036,0.780916865,0.560026938,3.94116561,0.094085815,0.0480769,0.0213033,0.0989583,0.0674366,0.057,99.96482,2.16801,,0.019361522,0.31,60.6382,73.2046,24.8536,6.07643,15.2226,11.1006,21.8639,28.399,25.7645,48.8339,8.74745,12.7172,14.2176,16.035,14.0121,23.8161,39.4285,35.772,15.3792,31.211,45.4944,3.9055,0.156333,31.6284,19.6278,11.356,9.95305,15.0306,3.00794,16.7063,26.1792,19.9263,11.8732,13.0467,23.2031,8.7499,65.3794,9.46439,5.43128,22.7751,4.59497,4.7202,6.63288,21.4724,12.114,12.6667,13.2124,12.7098,7.67981,2.93654,42.3738,20.5907,22.1981,0.499284
PTGER2,probable,0.515755296,-0.001,0.00465,0.01095,1.0,0.6501142,2.80622297,0.078859939,0.0,0.00501253,0.0,0.0,0.001,40.90294,1.19803,,0.105022888,-0.16,7.1876,10.8331,1.08742,1.6187,3.06754,1.14976,4.32576,0.109127,0.0714159,0.224466,0.0530865,0.064399,0.133079,0.120556,0.113078,0.332417,0.128602,0.130593,0.531257,0.16612,4.89725,54.8665,0.659814,18.8814,34.0121,1.64421,6.85943,4.06039,1.37093,3.1647,5.33853,0.757831,0.243543,2.43164,5.18348,0.774575,10.464,3.93626,0.182733,5.33073,11.9115,0.406412,1.156,13.592,1.52555,1.9093,12.8832,19.729,9.77702,3.58141,3.59802,15.4059,3.50519,24.6543
ESR2,probable,0.563732088,-0.00455,-0.0002,-0.0068,0.726779776,0.529754522,3.75022482,0.089629696,,,,,,97.48684,2.13375,,5.15e-08,-0.95,0.832062,0.606928,3.55883,0.242949,0.238526,0.144813,0.536671,0.0567596,0.068416,0.0665355,0.606637,0.661089,0.0976095,0.0866674,0.0583558,0.138726,0.0949555,0.0501066,0.105048,0.074132,0.734617,0.0343007,2.26057,0.616851,1.39655,0.158822,0.381957,0.249069,0.508706,0.225789,1.05855,0.143628,0.195191,0.557976,1.08199,0.161012,0.624048,0.607908,0.384489,0.527024,4.62962,0.29702,0.787582,1.08496,0.628357,0.521217,0.678549,1.2617,0.289972,3.85063,0.68143,1.07642,0.52693,0.262009
KCNK10,probable,0.646386564,0.00015,-0.00085,-0.0027,0.0,0.0,1.74820254,0.0682285,,,,,,644.73304,5.10072,,0.007579692,-0.38,0.00744614,0.00840843,0.0272705,0.00927852,0.0144426,0.0102333,0.0324723,2.40929,1.65265,1.4164,7.76294,7.31932,2.56216,2.81004,2.54755,2.22938,1.04904,2.16987,2.12447,1.77965,0.0106252,0.0,0.0228955,0.0217523,0.0080595,0.187308,0.506222,0.0213945,1.05053,0.0266675,0.00656611,0.00701893,0.00957653,0.312719,0.168321,0.00713295,0.0151738,0.0211001,0.0,0.128,0.026363,0.50127,0.669683,0.0311901,0.0486248,0.0582504,0.328073,0.0228774,0.206945,1.09841,0.0393554,0.00768269,0.120883,0.00706485
GABRB3,probable,0.80798018,-0.0009,0.0005,0.0001,0.513815992,0.500009387,8.94897019,0.177961972,0.125,0.00408291,0.2,0.0303692,0.025,2410.54465,9.11838,1.152023767,0.99707396,-0.49,0.160772,0.258448,0.408823,0.216384,0.311886,0.26702,0.520602,6.31021,10.9678,10.0988,16.5156,12.1661,13.6862,21.4706,7.40482,7.73863,15.1294,6.86965,1.29129,2.09992,0.267034,0.318395,0.00941936,0.776525,1.22454,0.781064,0.43243,0.778944,0.277393,0.915382,0.926308,2.27989,0.178369,0.816,1.05411,0.147216,0.402071,0.224681,0.0426017,0.888968,0.903353,0.70489,13.8341,0.797651,0.36268,0.299413,0.325188,0.249645,1.37097,2.24269,2.8852,0.716597,0.449393,0.0052848
GABRG3,probable,0.80871886,-0.0003,-0.0023,-0.0031,0.500737571,0.50000262,9.89882218,0.203157961,,,,,,47.84861,1.34351,1.0,0.993679844,-0.09,0.0,0.0,0.00416581,0.0,0.0,0.0,0.00904784,0.45199,1.06157,0.669877,0.423324,0.880198,1.51731,2.0349,0.465129,2.47835,1.25814,0.465309,0.0732447,0.146391,0.0216341,0.0,0.0,0.0698384,0.0229118,0.00719635,0.00674518,0.00435184,0.006737,0.0,0.0226041,0.0,0.0,0.00590678,0.0746319,0.00375467,0.0,0.12824,0.0,0.0129831,0.00153771,0.0,1.76352,0.591227,0.0536173,0.100961,0.0166984,0.254591,0.0,1.8874,0.0363904,0.00436881,0.0589306,0.0
NDUFAF1,probable,0.240975097,0.0816,-0.0009499999999999,0.0827499999999999,0.527577244,0.500004996,3.67077427,0.088881579,,,,,,1855.29644,7.94118,3.0,0.00389629,0.58,17.8066,16.4102,37.6666,16.8471,18.3154,17.5463,18.1951,15.4354,18.5015,16.2909,22.5684,19.4356,19.9787,25.3224,13.8754,18.8195,17.8964,14.3683,21.5288,16.7125,18.0167,34.5245,28.3239,21.0262,19.77,18.4898,13.6568,17.1306,16.711,18.7921,19.1309,17.4636,22.7639,13.5875,18.7641,16.8776,15.448,15.5001,33.8049,21.9031,20.1981,6.5747,19.012,15.8618,13.5049,14.0425,14.1607,17.8901,14.4558,40.4543,19.9544,19.09,17.6598,9.33317
MGAM,probable,0.431424886,-0.0012,0.00275,0.0002,0.503218357,0.500079212,5.89394723,0.121631664,,,,,,6504.31939,16.91441,1.0,1.55e-23,2.36,0.224241,0.547643,0.0637054,1.17421,0.303689,0.922298,0.130788,0.131978,0.116298,0.12462,0.0574602,0.0815561,0.129613,0.121781,0.0968009,0.147207,0.113068,0.100002,0.171238,0.130185,0.24497,0.294892,0.0150479,0.110491,0.255119,0.106411,0.21565,0.0874176,0.0651042,0.0920405,0.830904,0.148796,0.112877,2.63807,0.534414,0.243044,3.68403,0.122018,0.0585028,0.264352,0.228612,0.0775033,0.203455,0.158319,0.0514943,0.0590374,24.2951,14.9145,0.227777,1.83839,0.238619,0.259619,0.180912,43.1291
CYP19A1,probable,0.322202206,0.0188,0.0044,0.025,0.797587169,0.522210057,2.874306,0.080195092,0.0,0.00219436,0.0,0.0,0.0,1191.76708,6.54736,,0.00055961,-0.56,2.18075,0.349742,0.353801,0.281739,0.719421,0.391752,0.465218,0.0397181,0.0155428,0.017044,0.00663336,0.00895399,0.0105222,0.0123736,0.0260412,0.168257,0.0433728,0.0155482,0.228244,0.0603602,0.337791,7.60643,0.0665872,0.280412,0.336264,0.0939986,0.0722079,0.152811,0.0699947,0.190304,0.207228,0.275111,0.060147,0.024358,0.0273807,0.00627946,0.227036,0.238126,0.0479666,3.42397,0.754444,0.0666574,0.0194052,0.150529,0.25543,0.465629,0.0769559,0.305508,0.0422903,2.67041,1.00359,0.0420023,0.267468,0.156842
CA12,probable,0.196595117,0.00625,0.0084,0.00785,0.0,0.0,1.98266541,0.070285088,,,,,,40.85482,1.19656,,9.91e-09,-0.62,7.395,3.77151,0.158418,17.5593,2.48393,2.25571,16.0235,2.71918,1.36523,30.9793,2.36963,4.53392,1.1136,1.04705,1.0166,2.9776,26.3937,25.2907,0.31257,2.82101,17.2554,63.9688,0.116712,75.6923,47.0125,1.64365,60.7183,5.66178,90.3666,4.20325,38.0486,0.739529,0.0893567,158.671,105.491,0.140044,2.65949,31.4087,0.11126,0.893996,0.43427,24.7144,7.1247,6.1698,156.61,123.411,9.36087,0.693754,6.4918,1.17056,2.3714,17.2162,75.7523,0.221276
CHRNA3,probable,0.390099078,0.0049,0.0024999999999999,0.00745,0.807572853,0.500274737,11.85324786,0.257892317,0.0,0.000313283,1.0,0.00442932,0.004,115.42015,2.3362,,0.007061638,-1.11,0.0419172,0.0503003,0.38753,0.0713171,0.0919307,0.0175895,0.297306,0.167493,0.0892673,1.30223,4.05893,7.34474,0.05203,0.0645834,0.0450862,0.475156,0.817104,0.709806,0.224993,0.120382,0.100959,0.0464428,0.284571,0.410029,0.881421,10.4775,4.29168,1.36785,0.130565,1.57418,0.0795115,0.154536,0.0670321,0.0200801,0.110417,0.00571161,0.0891626,0.0791265,0.0946701,0.0660353,0.0876784,0.105919,1.58278,0.291867,0.452462,0.796108,2.69222,0.139479,0.228226,2.15908,0.320482,0.352544,0.184495,0.00586167
CHRNB4,probable,0.282110006,0.0208,-0.00195,0.0129,0.518387722,0.500247207,9.89112507,0.203626675,0.0,0.000626566,0.0,0.000898703,0.001,550.72501,4.7721,,0.018626609,0.73,0.0197735,0.0343574,0.303716,0.01097,0.0154132,0.0,0.0464105,0.044828,0.0233354,0.0992147,0.0173462,0.0496746,0.0129049,0.0146602,0.0196715,0.0412457,0.0669451,0.0505334,0.0,0.0123467,0.0331588,0.0,0.00853215,0.102898,0.290762,1.11796,0.420166,0.14962,0.501678,0.193261,0.0219351,0.00918027,0.0,0.104761,0.086073,0.00688639,0.0125871,0.0189273,0.0,0.0,0.0336406,0.0156085,0.405228,0.0280512,0.0641713,0.0659601,0.231994,0.163756,0.048301,11.1055,0.0911269,0.0727031,0.127254,0.0
PDE8A,probable,0.650558949,-0.00115,0.003,0.00385,0.0,0.0,1.99992492,0.071959201,0.0,0.00379267,0.0909091,0.0181071,0.015,317.57217,3.78359,1013.231175,0.713477057,-0.2,38.8348,32.0272,34.6952,24.2623,25.4452,29.7053,30.8315,17.389,9.24135,16.8681,4.33148,6.53366,13.446,11.8428,21.8029,15.3775,12.572,20.4414,39.099,24.657,28.6848,24.4503,28.6723,36.3623,39.8149,26.2747,36.1367,28.5155,10.8596,25.1609,30.8388,12.51,8.45232,19.7374,22.986,20.1172,34.2209,13.1443,7.12677,46.5092,35.4787,11.9625,24.7527,27.1009,16.8796,18.8042,30.4352,21.302,21.63,30.097,27.0485,30.64,24.0836,2.68188
GRIN2A,probable,0.843373597,-0.0003,-0.002,-0.0041,0.501739645,0.500525762,12.71445217,0.282267688,,,,,,119.73741,2.38246,,0.998044808,-1.46,0.104119,0.232033,0.0244027,0.363931,0.143558,0.136003,0.109553,3.48098,7.19063,2.65465,14.8259,12.7147,11.2877,16.9594,4.77785,1.42667,2.15415,2.56965,0.984664,0.825973,0.136827,0.0095719,0.0567163,0.411768,0.197375,0.170938,0.204389,1.39729,0.117538,0.550762,0.398573,0.918651,0.2898,0.141293,0.20105,0.0152228,0.0680756,0.0523348,0.0223246,0.142228,0.109431,0.0435879,0.116383,0.149005,0.286557,0.183944,0.247893,0.00721744,0.295021,1.43504,0.332295,0.455463,0.438046,0.00301837
NDUFB10,probable,0.239817828,0.0079,-0.00205,0.0131,0.500383337,0.500013105,1.59096526,0.06607077,,,,,,20.73017,0.70328,3.0,0.046629914,-0.47,157.492,140.016,127.586,190.656,184.983,205.014,166.176,110.461,135.502,138.079,177.814,159.44,136.39,162.045,111.911,105.924,143.122,122.782,117.224,118.053,143.257,194.183,138.357,167.559,158.228,250.905,194.073,211.319,124.586,212.347,171.178,274.076,333.586,126.666,166.033,94.6416,127.655,136.802,429.817,158.045,124.921,69.1794,112.025,152.301,129.489,138.877,146.88,126.654,155.882,166.737,155.838,180.635,138.572,68.0722
NDUFAB1,probable,0.550109684,0.0032,-0.0198,-0.0038,0.500488883,0.500078764,6.22677056,0.127027129,,,,,,9.57874,0.35281,,0.755255332,-0.21,49.669,53.5214,65.8298,61.6965,63.1911,62.0323,52.1934,43.4968,59.7743,48.1933,75.6132,65.7501,60.5432,80.2107,40.9981,58.5803,57.0877,39.1326,40.1868,44.9769,51.5541,59.5629,104.033,53.5617,54.7937,72.8584,67.2798,59.2496,53.8709,62.1854,59.9988,164.484,158.701,45.6592,63.4478,43.7203,48.1314,42.4196,106.533,52.8944,43.9992,21.5092,69.4162,48.1478,44.0956,41.9962,51.645,46.3289,52.8786,56.9655,55.9435,54.5549,52.24,9.29395
VKORC1,probable,0.139342904,-0.0016,-0.0091,0.0374,0.500456604,0.500036397,2.87518539,0.079359216,,,,,,5.70432,0.21368,45.0,0.081803076,0.19,123.587,117.931,112.419,269.241,211.483,182.945,136.866,27.7027,29.8883,34.6227,56.7881,57.5931,34.3859,36.0397,29.4431,40.4797,34.4132,32.5583,54.9631,35.3476,116.403,306.698,97.3414,190.45,182.575,127.863,76.163,133.503,52.488,116.988,148.864,61.4984,32.5123,85.5263,96.1636,244.214,117.591,105.573,17.7855,162.948,178.467,73.1333,171.048,110.68,92.6315,95.4913,91.8455,75.8487,78.5051,97.4639,127.629,186.877,128.966,41.865
SLC6A2,probable,0.756070495,-0.0014,-0.0075,-0.0039,0.502034344,0.500121811,6.84255674,0.137548853,0.0,0.00156642,0.0,0.0,0.002,192.60631,3.00986,22.34389313,0.2771183,-0.44,0.724661,0.374857,0.260956,0.01959,0.0648427,0.0248572,0.161762,0.022055,0.0255332,0.00773783,0.0,0.0,0.0179148,0.0124149,0.00916366,0.00561169,0.00460113,0.00412407,0.0155809,0.00626635,0.722041,0.00813318,0.0,0.294578,0.365554,0.075657,0.0592941,0.585598,0.0789777,0.453225,0.230239,0.0,0.0,0.0915954,0.0868139,0.0514698,0.0113501,0.163117,0.00930065,0.199883,0.082822,0.0117467,0.0,0.164312,1.53683,0.912489,0.103199,0.0,0.0252482,6.57083,0.0113947,0.469269,0.214689,0.0
SLC12A3,probable,0.250911236,0.0055,0.002,-0.0007,0.96018788,0.577262555,5.86355569,0.119781483,0.0,0.0,0.0,0.0,0.001,1196.53825,6.56344,45.0,5.54e-18,-1.62,0.013219,0.0136772,0.00967003,0.0139387,0.0155567,0.00977044,0.0360912,0.0152699,0.0172419,0.0511158,0.0181929,0.0395453,0.029152,0.0230055,0.0404229,0.0886647,0.0463826,0.038981,0.0428508,0.0746105,0.0244993,0.0,0.348518,0.0176662,0.017855,0.0150582,0.0358248,0.00576042,0.033439,0.00302539,0.0446556,0.00382376,0.0,67.6717,24.9413,0.010241,0.0531075,0.0500743,0.0057934,0.0218379,0.0405077,0.0920299,0.0455474,0.106227,0.017714,0.0151289,0.176785,0.749872,0.113505,0.165843,0.0386223,0.0132936,0.0263931,0.031119
TUBB3,probable,0.626313508,0.00115,-0.0339499999999999,-0.0006,0.500050723,0.500008159,7.90547743,0.156063725,0.0,0.0,0.0,0.0,0.196,8.39665,0.30705,3.0,0.960789307,-0.76,1.2733,2.40294,8.74397,2.33554,2.96746,0.687896,1.2378,45.8565,79.0707,36.7278,101.154,100.97,102.004,123.067,45.4576,143.845,45.946,32.3642,24.0836,61.396,1.00781,48.0179,0.658431,1.15398,3.52344,12.7137,5.99563,4.25534,1.28741,5.12208,1.10894,1.62812,0.761237,1.4706,2.96456,0.135267,1.76364,2.13217,0.172558,3.16161,1.95603,0.562775,38.0586,1.67659,2.99037,3.37821,3.47352,0.660208,2.16994,45.8705,1.87974,1.25718,1.17961,0.150437
ADORA2B,probable,0.517467737,0.0034,0.0143,0.0185,0.735949176,0.532250116,2.80622297,0.078592804,0.0,0.00438596,0.133333,0.00398202,0.004,449.84282,4.40801,,2.01e-05,0.64,1.11226,1.00374,1.84249,0.623332,0.995289,0.710198,3.99359,5.56582,10.6521,6.61499,3.47184,5.5711,9.92904,8.87666,4.33891,2.95865,8.19947,5.44684,1.17597,1.79627,1.40493,11.6443,0.36612,1.41451,1.60414,3.38895,9.01328,1.07144,13.801,0.984737,2.16182,0.779074,0.985767,0.320968,0.90575,0.261175,4.00672,1.90996,0.348083,1.59723,1.32826,0.83384,3.84967,2.79214,15.5635,12.87,2.44993,0.970129,0.71342,3.06145,0.779802,1.43008,11.9203,1.0522
SLC6A4,probable,0.761866033,0.0035,0.0023,0.0074,0.504553919,0.503581992,7.89299926,0.156509966,0.0,0.00125628,0.0,0.0,0.002,115.61782,2.33887,,0.854880095,-0.6,0.277224,0.232693,0.0889003,0.568507,0.232642,0.114035,0.151251,0.063934,0.0805879,0.0792905,0.445208,0.379383,0.114421,0.130857,0.0875909,0.109,0.106888,0.0746478,0.128064,0.0889619,0.282468,0.0461832,1.77677,0.181959,0.153623,0.161858,0.203044,0.228475,1.64547,0.212283,0.306704,0.379592,0.0460676,0.205211,0.194622,0.0419469,35.7413,0.163188,0.0637374,0.732065,0.124302,0.186871,0.172285,0.168902,0.526285,0.679966,4.21864,0.248634,0.0853021,0.688546,0.304794,0.162154,0.374734,0.130236
CA4,probable,0.209607884,0.0173499999999999,0.0031,0.0361,0.500397364,0.500312556,14.68512256,0.344252042,0.0,0.0147243,0.0,0.0,0.002,99.7081,2.16362,1.0,0.01080885,0.22,33.9954,54.1256,0.452809,1.33189,4.01432,1.19955,4.37707,4.32978,7.1914,4.41868,110.334,103.165,14.9226,13.0746,5.32854,3.83506,2.46782,5.21454,3.4822,4.91131,47.5008,0.045292,0.434169,4.46825,2.92137,2.62487,27.7356,4.36951,0.501134,4.50952,3.97963,4.11238,9.74304,18.3867,16.3461,0.16907,70.9985,2.80837,2.99493,2.07563,3.54899,8.43426,12.5266,5.61403,1.79077,1.86761,4.56867,10.8483,5.08272,1.0863,68.6987,5.89912,4.77112,36.1839
CHRNB1,probable,0.322640508,-0.0072,0.0003,-0.0771,0.514229726,0.500019465,5.94431135,0.120892867,,,,,,1354.17252,6.90787,3.0,4.34e-06,-0.4,6.03052,5.37737,29.2805,6.37341,7.1635,5.03095,4.79298,7.15697,7.31629,6.91076,5.5251,5.6012,6.99267,7.6216,6.43015,6.52626,6.72513,6.28496,8.94195,6.71634,6.26164,3.92235,9.51713,7.51081,8.11694,5.14124,4.88052,5.65843,5.76331,5.65676,5.76212,6.3905,4.14626,5.81994,8.1087,7.79498,5.32942,6.39647,92.0056,7.36127,5.39242,7.17157,7.20542,4.85906,6.57986,7.30907,4.55257,7.38551,3.34782,4.33191,17.0914,7.47567,7.47897,2.01193
NDUFV2,probable,0.287445456,-0.0061,0.0022,0.0023,0.500372421,0.500011668,4.8393616,0.104239245,,,,,,352.83558,3.9784,,0.007630223,0.13,62.0596,55.8369,85.9969,61.2863,61.4121,67.5039,62.0439,35.819,45.5767,40.9504,67.7365,58.2985,48.2253,62.1808,35.8964,50.6598,45.7363,36.0296,50.9102,42.1831,60.6039,80.28,138.145,50.7556,50.6893,76.002,62.6515,78.2292,72.4749,85.5441,50.5888,79.8588,111.358,57.2651,82.218,99.0883,65.189,50.962,143.358,63.1643,40.762,26.0855,48.7008,59.5369,55.3633,55.707,55.5997,52.3538,60.6905,67.9897,57.8551,53.0103,53.6322,20.4194
PDE4A,probable,0.710803688,-0.0032,0.0097,-0.003,0.0,0.0,5.8935109,0.121624721,0.0,0.00125313,0.5,0.0149791,0.013,973.10156,6.03083,,0.976417636,-1.11,20.8072,15.1527,6.29746,21.5216,14.0571,10.4137,14.0393,9.62953,21.3067,9.97254,29.7477,29.5852,27.5143,29.4788,10.9012,12.1283,15.7562,8.26109,3.91662,5.8571,14.3351,16.4294,15.5605,19.6529,26.0055,16.1718,10.6823,11.7792,3.44031,11.2206,14.2888,5.5654,5.92391,3.93033,7.33943,1.23723,21.8321,13.1753,12.1911,9.56538,1.69802,6.66313,5.87592,13.5596,5.78095,7.5594,9.07755,11.6078,13.6957,32.6212,20.4129,15.8242,12.7382,5.28874
KEAP1,probable,0.764716923,0.0044,0.0223,0.0061,0.509030267,0.507082169,7.73411965,0.152685426,,,,,,28.06422,0.90037,1.0,0.251629058,-1.13,38.1644,31.9132,37.5018,42.3349,38.0601,37.8256,51.9146,19.7146,23.4531,22.871,44.0193,40.6983,29.0657,30.1249,20.7358,26.9932,23.717,21.3843,39.7786,25.7292,36.2117,52.9517,36.7936,48.5047,54.427,42.7324,31.8262,41.2959,50.7641,41.9005,43.4659,21.4315,22.615,16.4678,18.5452,21.2222,35.7935,36.6639,88.3333,42.4149,36.3528,12.6808,34.9408,44.006,41.7167,44.6705,28.5421,34.0948,26.4446,31.1007,49.6352,48.3267,47.3639,11.5759
BRD4,probable,0.831385493,-0.01515,0.0113,-0.0351,0.500060242,0.500004569,3.68167621,0.088841418,,,,,,185.92351,2.96128,,0.999993446,-1.48,27.5783,23.7883,19.6762,34.5093,31.2558,38.8715,28.6239,7.66319,10.1759,8.49557,26.6084,29.6642,15.1542,13.2594,7.90806,9.53063,9.43148,7.0751,9.5732,7.05575,28.099,22.2823,28.2132,37.5016,38.5105,28.1932,19.5114,25.3999,24.0635,24.2707,32.7676,13.0093,10.2277,12.3956,18.73,12.73,34.4321,22.0835,24.9878,34.4775,38.437,10.3191,24.5031,29.8259,34.9815,36.0931,23.831,30.851,16.4407,34.6925,32.6889,39.4015,32.9774,19.5028
PDE4C,probable,0.522324622,-0.0057,-0.0104,-0.00645,0.50260452,0.500070756,2.99349477,0.080689965,,,,,,2015.82594,8.26686,,4.89e-05,0.42,1.05386,1.03941,0.310148,0.546122,3.92067,5.12122,1.30677,0.907336,1.86066,1.09414,0.288937,0.426233,4.08506,2.97762,0.829204,1.12775,0.954268,1.13199,0.358716,0.800697,0.60009,0.188661,0.683587,3.34042,3.56381,4.34035,5.74947,1.86538,1.60614,1.2914,4.82819,1.16817,1.09208,1.25481,3.88782,0.447421,3.76203,0.319927,1.16371,1.43122,1.79812,0.314503,3.30197,2.13445,0.249006,0.314415,2.44966,2.29922,4.05581,3.79138,1.53281,3.43093,1.5335,0.0281276
GRIK5,probable,0.670620084,-0.001,-0.0003,-0.0004,0.506115038,0.509133101,11.83277612,0.257681701,,,,,,136.49056,2.53978,1.357630067,0.917779688,-1.13,1.34836,2.29471,0.510211,27.9441,11.0979,18.3627,7.41119,16.9074,23.9843,20.9186,56.4356,64.8944,33.3759,28.3965,19.67,19.1123,25.1406,17.2127,5.25308,9.53053,2.13558,0.189491,0.197888,7.86116,11.821,29.0582,8.9379,23.1587,1.79211,19.7139,11.9139,5.8285,1.09626,5.0053,10.4276,0.227091,1.00347,1.06373,0.354901,9.58472,5.98522,1.60214,33.6877,11.8123,1.57456,1.41493,2.50911,1.91981,2.33141,86.9284,24.3578,15.1569,4.05199,0.286419
GRIN2D,probable,0.739532948,0.0154,0.0021,-0.0006,0.501601548,0.500534109,6.81560077,0.137368134,0.0,0.0,0.0160428,0.00198922,0.002,114.71527,2.33202,2.456085334,0.998648757,,1.13023,0.857784,0.544408,0.443126,0.739491,0.557556,0.368293,2.84442,4.11665,1.35957,2.40025,3.08255,4.21639,3.64019,1.80024,6.10568,1.35968,1.04296,0.787343,1.81711,0.643211,6.80052,0.313998,0.313201,0.388404,0.199927,0.306928,0.330519,0.234945,0.328136,1.21012,0.31478,0.16909,0.140351,0.356308,0.132584,0.639116,0.529274,0.0586515,1.27651,0.439606,0.123256,0.571317,0.65942,0.754902,1.12944,0.393121,0.494843,0.198666,2.87621,2.01507,0.29611,0.575029,0.18225
INSR,probable,0.743839204,-0.0024,-0.0006,-0.0041,0.507302998,0.501230107,15.82476944,0.388304341,0.0,0.0632832,0.0,0.0133779,0.022,141.47735,2.59553,45.0,0.186547844,-2.14,21.8874,21.1623,28.0393,32.8726,23.6283,27.259,26.0871,5.95337,7.03209,6.3502,23.96,24.5099,9.33959,9.01872,7.06312,9.40167,6.50001,6.1204,13.4636,7.27984,24.1444,7.83435,16.1545,31.1576,32.8275,27.9365,22.1668,21.8732,5.77095,23.6085,43.6946,15.3804,17.1603,14.4537,15.9292,22.9703,14.6877,29.4394,17.5548,35.003,80.2142,43.1078,29.4736,29.9977,18.1096,18.5494,19.7615,90.8835,16.567,12.5475,29.9475,48.8364,18.9393,1.44396
ADORA3,probable,0.123297259,0.0037,-0.0042,-0.00685,0.843638398,0.524665611,1.74820254,0.0682285,0.0,0.0,0.684211,0.000964816,0.002,28.68541,0.91844,,0.006057306,-0.09,3.79211,3.42774,7.99497,4.16052,4.0936,2.15077,4.9217,3.49306,1.78315,2.51605,1.03081,0.738108,1.28789,1.38284,3.50114,4.47404,2.16719,1.66656,14.8162,5.74811,2.48289,0.0,0.136191,2.02439,4.44002,3.44068,3.94152,3.47026,1.19194,3.23722,3.83222,1.66963,0.687136,0.757867,0.483078,0.472954,3.89211,2.58423,0.239868,8.4767,1.68856,0.718139,2.28787,3.14225,0.740766,0.777414,6.63317,4.9652,1.85322,2.32545,1.66968,2.33682,1.76341,2.24752
ATP1A1,probable,0.824708164,-0.0012,-0.0015,-0.0054,0.508380947,0.501644697,18.72232497,0.498852198,,,,,,39.64671,1.16887,,0.99999385,-1.0,122.091,136.146,112.426,168.964,150.917,123.765,121.749,51.9197,100.844,96.6024,554.51,374.562,164.451,281.102,74.5737,74.8682,125.399,77.2175,100.846,58.7927,161.374,208.799,269.533,101.918,110.461,82.9964,240.046,100.34,221.73,93.9176,131.992,94.2674,70.317,344.699,498.37,34.1715,285.8,381.828,41.7337,181.636,148.462,165.361,178.044,155.101,280.168,300.963,386.716,70.6004,136.016,118.85,605.853,118.6,197.659,38.7864
IL6R,probable,0.54232949,0.003,0.0027,-0.0053,0.502625058,0.500636703,10.70092345,0.221850675,0.0,0.00595238,0.0,0.0,0.001,1450.71381,7.10856,,0.047869037,-0.16,16.1114,15.1935,7.56139,6.07759,13.6233,17.4429,12.1619,2.73759,2.51381,3.07846,1.18455,1.64346,3.10317,2.75268,2.70913,3.03733,2.57078,2.48617,5.5952,4.46226,11.4124,4.54585,6.70894,14.3964,18.1552,25.7312,19.8602,25.3769,7.38618,27.0358,25.9063,5.85065,3.64374,8.26235,4.1569,38.0337,29.4549,5.4187,67.242,18.5856,16.1254,3.64094,13.5651,11.6591,9.53729,11.0667,22.0268,23.9987,10.6037,6.17905,5.96684,23.286,11.0959,52.6906
CHRNB2,probable,0.646412015,-0.0099,0.0263,0.0338,0.517008159,0.500021951,9.77453132,0.196939326,,,,,,25.07801,0.82078,1.0,0.720254345,-0.69,0.049078,0.0602618,0.112605,0.0418823,0.0434577,0.0335,0.0667983,5.88683,10.6321,9.36713,13.2836,17.3128,17.575,19.0718,6.8765,8.95234,11.2526,6.94188,0.834177,4.4625,0.189979,0.0780719,0.130299,0.0597117,0.0722389,0.516651,0.244421,0.152813,0.143031,0.164991,0.0737823,0.030365,0.0208483,0.0726698,0.116154,0.0428274,0.0689481,0.0724319,0.0266892,0.0949185,0.134877,0.245505,7.07578,0.0900759,0.219233,0.271425,0.2175,0.0851975,0.249387,1.97427,0.0848182,0.104885,0.0795298,0.0539968
ATP1A4,probable,0.53460449,-0.002,0.0028,-0.00405,0.510034014,0.500293305,2.68998167,0.077686188,,,,,,617.99318,5.01673,,1.9e-11,0.55,0.135608,0.105725,0.0232253,0.242921,0.194894,0.254954,0.847781,0.205406,0.269948,0.207297,0.222654,0.391704,0.372237,0.305322,0.112977,0.10053,0.279173,0.126814,0.0859929,0.103662,0.190097,0.0,0.0634868,0.0584408,0.0967682,0.271716,0.106949,0.348839,0.0592329,0.320133,0.13657,0.0770279,0.0684938,0.0220742,0.0350559,0.0101497,0.106415,0.0585041,0.849222,1.53671,0.0897852,0.00819855,0.136271,0.296452,0.0530633,0.0402761,0.140118,0.223699,0.0564624,27.8959,0.0305529,0.0653609,0.0893932,0.0491981
ADORA1,probable,0.572527647,-0.0114499999999999,0.0007,-0.0115,0.501445773,0.500337338,11.75996628,0.255110487,,,,,,30.51321,0.97171,3.0,0.021258038,-0.2,2.27941,3.1551,0.21497,0.290707,0.920938,0.455918,0.922457,27.5602,26.6195,29.2727,26.5561,26.7843,36.6743,39.6147,27.0534,20.8167,27.1027,30.7578,43.1844,31.0042,3.76458,0.302798,0.045492,0.817458,1.51972,0.439102,0.773193,0.838549,0.812021,0.659696,1.40266,7.71999,3.55036,5.71322,2.70811,0.158664,1.5654,3.56339,0.708883,0.693169,0.240388,6.42734,1.59342,1.10601,2.8444,4.7347,0.919523,6.46529,0.691717,35.5194,3.21252,0.988477,0.731046,0.0399672
REN,probable,0.352524012,0.0032,0.0173,0.00755,1.0,0.605228118,4.89790497,0.10559924,0.0,0.002218,0.0,0.0,0.0,42.28384,1.23092,56.64506847,0.006604139,-0.4,0.0603721,0.143888,0.663159,0.0262717,0.0330167,0.0819238,0.412383,0.0803461,0.069111,0.0560015,0.0577805,0.0930796,0.090912,0.0745221,0.0536413,0.101452,0.0467084,0.0929289,0.0,0.122691,0.130252,0.0668369,0.0,0.282989,1.80316,0.0,0.0784743,0.0,0.204322,0.0,1.80489,0.296729,0.0,48.2006,7.60327,0.373362,0.25984,0.323072,0.0,0.156829,13.1626,0.0192904,0.242582,0.284584,0.125309,0.230794,0.0918236,0.163903,0.023264,1.42401,0.0533,2.72456,0.351824,0.0
KCNK2,probable,0.836621523,0.001,0.0008,0.0046,0.0,0.0,9.85747631,0.200322211,,,,,,31.8264,1.00181,,0.339842885,-0.45,1.85541,0.641171,49.3798,0.458763,0.386665,2.36275,2.15882,3.09438,2.93743,6.35329,0.331468,0.338384,2.31508,3.46871,2.50005,3.93805,3.82904,4.48841,2.20775,1.26196,7.38287,95.7983,0.0215678,1.94908,1.31863,0.861647,0.43143,1.75504,0.268337,1.62607,1.39807,0.0250764,0.0854284,0.134807,0.642603,0.0143668,0.0987564,0.925491,0.431231,15.0858,1.66555,0.227286,0.193146,0.631059,3.44296,2.38286,0.723275,0.0292021,2.75833,0.71059,6.20486,0.27967,1.59985,0.0
PARP1,probable,0.705665529,0.00545,0.0071,0.0035,0.503294681,0.500086197,9.61192462,0.194514712,0.0,0.219925,0.0,0.080462,0.113,3117.80668,10.61131,,0.006996931,-0.97,27.675,25.8845,26.1555,24.4896,24.9797,24.8845,39.3956,28.7234,28.5386,31.3727,41.5004,39.8764,33.193,34.4474,26.2848,25.4913,27.9609,26.9892,67.5899,33.1408,27.3746,54.2171,173.97,34.0459,36.7299,47.2944,29.428,34.3497,28.6775,36.9734,30.7528,17.1917,25.3978,13.0414,18.4726,13.3773,28.9417,27.3076,30.8979,59.2265,31.2296,20.8269,46.376,32.0166,20.869,22.2095,35.1839,57.1035,22.3455,50.2458,28.647,39.0593,30.837,8.76672
CHRM3,probable,0.79233712,0.0011,-0.0006,-0.0006,0.502181703,0.501905482,8.86735825,0.177371139,0.0,0.000313283,0.0,0.00205326,0.002,97.64234,2.13666,1.0,0.937026128,-0.14,0.245892,0.156425,0.184774,0.237678,0.970076,0.405109,8.16998,1.20789,4.15675,0.952948,0.0312288,0.0334687,6.64624,8.99146,1.14923,1.09188,0.606024,1.04474,0.0682279,0.155416,0.389353,0.0105065,0.00528917,0.266808,0.241808,9.30969,3.32901,11.1697,1.04468,12.4398,0.506031,0.211432,0.0245066,0.589623,0.507317,0.103994,0.708055,5.14414,0.0161315,0.206646,2.3793,3.76358,0.466764,0.70509,0.768967,1.16698,1.0831,0.41399,5.0826,0.804615,1.73679,1.37571,0.205539,0.00896111
CNR2,probable,0.207846448,-0.0258,-0.0028,-0.0125,0.50142072,0.500127884,4.89343238,0.105379175,0.0,0.0,0.0,6.42426,0.0,101.19462,2.17679,,0.000110726,0.09,0.0240253,0.0360728,0.0122467,0.0262284,0.0273476,0.007962,0.0264455,0.00342835,0.0075627,0.00592473,0.0101158,0.0102865,0.00567361,0.00560437,0.00291309,0.00495805,0.00583379,0.00623942,0.0,0.00425144,0.019239,0.0,12.4284,0.0284411,0.0307183,0.00946526,0.0926355,0.00721075,0.0665618,0.00753676,0.0386529,0.0109275,0.00552408,0.0283849,0.0330206,0.0632216,0.146731,0.0212154,0.00446767,0.0172392,0.0115546,0.00410468,0.0222496,0.0389092,0.00960988,0.0138695,2.07942,16.5762,0.0294911,0.255117,0.379399,0.0206505,0.0233349,1.24283
GRIK3,probable,0.767620981,-0.0006,0.00195,-0.00115,0.500185842,0.500277564,11.78035836,0.256151547,,,,,,63.24558,1.62764,1.0,0.99998017,-1.68,0.38006,0.217341,0.250881,0.138645,1.135,0.317616,1.53607,3.20641,6.34624,2.67861,5.72555,7.84441,6.86699,7.19378,2.12355,7.58949,3.50578,2.80233,3.06319,5.84654,1.41954,0.00626927,0.0107116,1.49602,1.75442,10.9374,3.27195,6.15163,0.525979,6.66434,0.634598,0.745411,0.167802,0.066092,0.0749367,0.0336573,0.0830774,0.614504,0.0451767,32.0896,0.253716,0.155602,1.33716,2.25447,0.406424,0.391896,1.47476,0.15475,0.747583,1.1607,0.346131,0.299889,1.00006,0.0170692
FAAH,probable,0.386892766,0.0139,-0.0336,-0.0117,0.500898755,0.500584293,3.97409031,0.093402374,,,,,,1643.89831,7.49371,,5.93e-07,-0.47,14.8531,11.8338,29.1006,11.0687,8.64229,11.6176,11.8987,20.6204,25.0476,28.4436,63.5716,66.6678,34.1314,31.775,28.8576,29.1888,40.5353,25.4162,61.6621,30.149,25.7774,1.71692,2.72513,19.4456,24.9556,12.2823,40.7721,11.5374,18.038,11.0195,14.33,6.05863,2.36179,28.9147,33.2363,34.4063,23.3804,39.0431,8.99779,50.5947,12.5456,22.5664,54.3663,114.346,24.8332,21.2559,35.0535,8.68259,31.8563,138.944,132.605,12.9325,22.936,4.39832
PDE4B,probable,0.71454072,0.0001,0.0002,0.0033499999999999,0.50347417,0.502220974,8.91455211,0.178333201,,,,,,150.61725,2.67949,1.0,0.709078617,-0.69,12.2719,10.4839,1.42702,7.96312,7.06271,11.9615,3.74107,13.7189,10.7105,14.8069,10.7142,12.6967,14.6827,15.5816,13.8012,14.8764,16.3503,13.4782,26.6753,15.7458,12.1047,7.36637,13.2123,5.65021,5.43714,3.41026,3.06779,3.17195,1.52215,3.42988,3.56202,8.77573,1.92553,1.81259,3.55528,1.24352,13.8074,8.90422,7.34427,7.65772,1.46005,0.398543,2.54747,11.7247,4.62201,7.18946,8.01579,14.7998,1.88241,3.2333,7.31256,2.80098,4.15915,5.66715
PTGFR,probable,0.694935441,-0.0039,0.0039,0.0023,0.502174058,0.50188943,3.92670354,0.092061845,0.0,0.000313972,0.0,0.00160411,0.001,104.34598,2.20806,,0.760040675,0.28,16.6057,3.26525,3.45795,1.99321,7.23266,10.5434,13.475,0.448596,0.41824,0.209829,0.0391753,0.078248,0.251207,0.312306,0.744576,1.49816,0.300041,0.188469,0.262129,0.167256,9.306,32.4478,0.023939,11.3422,3.64217,2.47161,1.92343,9.85746,0.705891,3.28383,11.9621,1.15757,0.292734,1.71454,1.88412,0.676659,2.48419,5.90937,1.04838,45.5053,4.48314,0.591163,0.253461,2.0206,5.9832,8.04951,3.24592,0.365921,1.08099,0.882628,1.28764,18.1541,6.50416,0.100323
BRDT,probable,0.464344293,-0.0024,0.0392,0.0139,0.0,0.0,0.0,0.052631346,,,,,,2880.26845,10.16474,1.0,2.47e-06,0.78,0.0136809,0.0209835,0.00667173,0.0100041,0.0116767,0.0,0.0112804,0.032043,0.0651987,0.0659784,0.0322463,0.0343407,0.0819502,0.0979534,0.0162401,0.0198929,0.0794045,0.0597549,0.0104742,0.0218025,0.0341316,0.0,0.007835,0.0151325,0.0206762,0.0113378,0.00886174,0.0127284,0.00530498,0.0241317,0.0237103,0.0,0.0,0.00417201,0.0143879,0.00629905,0.0506607,0.00976602,0.0,0.00710586,0.0201695,0.0,0.0217813,0.0225043,0.0,0.0,0.0167539,0.0256561,0.0104535,114.477,0.0201062,0.0124467,0.0120811,0.00792705
ADRA1D,probable,,0.0012,-0.0049,-0.00705,1.0,0.613597857,2.80622297,0.078963372,,,,,,229.7736,3.27584,3.0,,,1.93999,1.44558,0.456157,10.5817,0.935441,1.88392,3.8519,1.06972,1.85979,1.15796,0.149618,0.190174,2.82476,2.8633,2.81682,0.964534,0.714791,1.09745,0.242562,0.189716,1.32256,0.158206,0.0701199,17.7195,13.4773,2.90971,1.09959,1.39262,0.355352,0.821727,5.03222,0.0684705,0.135794,0.223953,0.346661,0.0391764,4.66033,0.388306,0.345627,8.28134,0.632582,0.172813,0.0710601,4.45182,0.442678,0.678851,0.231602,2.24317,0.513615,1.59672,1.58707,4.80225,4.7674,0.00861831
TUBB1,probable,0.724853635,0.0062,-0.0037,0.0054,0.504357641,0.500406082,2.99172348,0.081519494,0.25,0.000627353,0.0,0.0,0.0,2687.40184,9.75564,3.0,7.17e-06,0.87,0.230168,0.429577,0.19676,0.254607,0.314265,0.150068,0.242494,0.111321,0.123149,0.138021,0.728365,0.858265,0.150864,0.146288,0.109233,0.155679,0.147647,0.121385,0.179895,0.153209,0.28854,0.293367,0.753446,0.14208,0.414471,0.241298,0.298169,0.24991,0.223149,0.236454,0.556933,0.169857,0.149269,0.17171,0.30672,0.308874,4.01193,0.236847,0.0783439,0.310647,0.314925,0.187802,0.929045,0.211166,0.170569,0.102375,0.563653,6.43843,0.313505,3.45417,0.559343,0.290965,0.177198,16.8904
RRM2,probable,0.824708164,0.00165,-0.0012499999999999,0.00035,0.501489819,0.500587018,0.0,0.053062895,,,,,,20.12841,0.6879,1.081599778,0.968270921,-0.25,0.545359,0.636234,1.00747,0.656825,0.823659,0.236814,0.522826,0.0455002,0.0383409,0.0404626,0.0558599,0.0665028,0.0687184,0.0625846,0.0582161,0.0593714,0.0398634,0.0336433,0.0883919,0.0508655,0.449041,39.7728,174.485,0.183772,0.629302,0.232732,4.74242,0.182645,22.8907,0.195301,0.264697,0.201659,0.104622,0.407235,0.486886,0.537272,2.40528,1.23858,0.0772202,0.316484,0.221886,0.282905,0.301765,0.470169,2.61374,2.37878,8.17902,11.1039,1.2301,6.58578,0.435008,0.17219,5.50529,3.26894
IL1R1,probable,0.214144617,0.0018,-0.00085,-0.00255,0.502458381,0.501429301,4.80302856,0.104614545,0.234234,0.0191103,0.0837104,0.00636492,0.008,126.73913,2.45532,,0.362921431,0.09,112.561,140.12,59.0051,58.0359,63.3595,39.4976,54.8896,2.02371,1.74398,2.45961,1.33553,1.57946,1.85094,1.64694,2.21914,3.01171,1.71012,2.28473,5.9228,3.55511,82.345,188.511,1.41595,53.4569,67.332,32.4849,31.0376,42.1723,23.7998,36.8665,63.823,31.1612,8.20175,18.0499,20.7804,22.6486,141.387,36.4383,8.29977,30.1039,31.8856,12.5468,12.0502,76.5818,41.3887,42.5358,38.4669,42.1608,30.93,16.2306,74.7147,37.753,51.0496,12.4309
ROCK2,probable,0.786468923,-0.0003,0.01875,5e-05,0.510167818,0.504183751,4.88366885,0.106450474,,,,,,2623.84779,9.60708,,0.99999999,-1.02,46.9276,34.7368,10.2005,43.6248,42.125,61.4215,35.7586,6.69743,10.0586,11.7287,38.1476,32.3797,15.015,17.5059,8.02295,7.45019,11.3439,9.60732,7.96655,5.85807,33.323,36.765,11.2695,30.7502,32.1127,22.6211,20.4934,29.5761,11.4886,31.9495,31.0189,10.5199,6.46575,6.33353,10.3872,6.75914,36.3505,16.3218,23.0796,29.752,23.7112,5.0889,11.6127,19.2704,12.7376,14.9674,18.6834,19.4876,11.8643,9.54924,20.2685,44.6121,20.1369,1.80056
GPD2,probable,0.591144443,-0.0030499999999999,-0.0005,-0.0081,0.500217639,0.500045901,1.95941645,0.070531428,,,,,,295.46766,3.67045,,0.000100775,0.22,11.996,9.89445,4.76649,7.10441,8.52051,9.0726,7.90547,13.6759,14.5569,14.4153,31.6871,15.442,10.3324,14.4675,12.4988,10.5015,16.986,11.1791,8.27985,7.77017,12.8155,23.2863,22.9876,11.2577,11.4806,5.59719,9.45799,6.28052,25.7848,6.02553,10.8576,3.84175,2.43283,3.74365,6.75911,1.4968,14.2619,18.5855,11.1959,21.3247,12.0476,3.71009,9.0954,10.5935,16.7706,16.9848,9.80396,8.32753,8.00404,10.4349,15.3159,9.17238,17.151,3.30899
SCN2A,probable,0.778094649,-0.0021,-0.0006,-0.0017,0.508965611,0.50591273,10.68395422,0.221317229,0.0,0.00344612,0.0,0.0,0.002,693.6775,5.25209,,0.999999992,-1.99,0.0673468,0.163597,0.264267,0.196233,0.291711,0.103287,0.0687481,4.21337,8.34635,6.56496,70.2821,65.2019,11.4607,19.2771,5.14713,6.14524,9.12153,4.80039,1.38676,1.77184,0.193905,0.123913,0.00953275,0.2782,0.312613,0.187213,0.0870648,0.109924,0.0212193,0.0710555,0.226576,0.0400799,0.0143493,1.97623,1.54609,0.0255395,0.0898715,0.0900213,0.00982898,0.663461,0.236179,0.055169,4.21768,0.0986457,0.0617034,0.0660092,0.0821633,0.0874179,0.205787,0.357389,0.0475303,0.494157,0.348799,0.00634743
SCN7A,probable,0.146139458,-0.0003,-0.0005,0.0038,0.500385998,0.500067275,1.93446057,0.069810845,0.0,0.00814536,0.0,0.0,0.017,781.90454,5.53258,1.906167469,1.72e-15,0.86,2.13892,2.49851,2.95057,1.07334,11.3796,1.62999,7.57343,0.716973,0.733096,0.473911,0.0933619,0.0992869,0.412429,0.570171,0.420205,4.08192,0.5036,0.266905,0.750552,1.02036,5.01627,0.056484,0.0298134,11.2106,13.4521,64.289,17.2027,42.8347,4.27856,45.7498,22.1569,12.0113,9.99314,1.40928,0.523984,0.478821,54.4075,4.55576,2.15007,143.223,70.3637,1.83414,1.81284,16.2967,2.4078,2.60688,5.46652,2.46712,3.34309,4.34285,2.72232,18.9538,9.00554,0.0225716
NFE2L2,probable,0.824708164,0.00085,0.0037,0.01265,0.50176507,0.50104493,8.70492532,0.17263389,,,,,,65.31614,1.66331,,0.686008362,0.04,65.5777,87.5422,48.9406,97.3935,94.3354,80.2313,134.191,24.7946,20.2397,26.9287,39.7485,36.3266,21.907,22.7318,21.2269,24.8074,22.9091,23.0434,51.4208,29.8739,67.6809,87.6117,43.8494,87.5379,90.9366,64.9599,51.6012,62.4754,174.265,59.995,90.6966,40.72,17.7418,42.8777,59.3234,24.0384,84.6452,65.8448,29.7704,97.7277,149.682,14.1194,62.6834,67.3578,97.918,103.812,45.154,49.334,66.8025,49.3762,104.598,86.1009,119.895,30.8188
PDE6D,probable,0.705388129,0.0427,-0.0163,0.0164,0.503830624,0.502495282,4.78054103,0.103357975,,,,,,36.22935,1.08568,,0.084496093,0.48,15.818,14.2437,20.2727,21.4549,18.8886,20.242,17.7096,17.9739,19.2063,20.2811,27.8501,27.4684,18.2564,21.6624,18.045,22.1689,19.6693,17.8552,30.0113,21.1478,15.5449,17.0749,30.6975,22.8624,22.5983,18.0079,12.4718,16.0954,12.1213,17.4261,18.6158,7.44917,6.09898,8.7423,12.2367,4.5045,16.3532,11.4539,5.17556,17.2295,14.6049,4.52568,24.56,14.2684,13.9777,14.4282,13.1803,17.4995,10.337,66.9199,15.7099,21.5754,16.7534,7.71075
CHRND,probable,0.369415909,-0.0249,-0.0119,-0.0647,0.514198318,0.500019439,8.91635335,0.180162134,,,,,,107.43573,2.25073,,7.26e-07,-0.4,0.0199625,0.00845543,0.0655095,0.0,0.0113356,0.0168256,0.0,0.080609,0.0732234,0.13776,0.0335564,0.0476015,0.10248,0.104771,0.0418394,0.204885,0.150978,0.129926,0.0654224,0.112687,0.0149798,0.0,0.0113366,0.0318071,0.0,0.00843153,0.006808,0.0,0.0,0.0102779,0.0,0.0476164,0.0201644,0.00694021,0.00413278,0.0,0.0185762,0.152517,48.0918,0.0258043,0.0489558,0.0260153,0.0878035,0.0,0.044826,0.0408211,0.0147193,0.0667503,0.022509,0.616376,0.0155531,0.0,0.0134777,0.0165113
CHRNG,probable,0.250911236,0.0281,0.0002,-0.0353,0.500497079,0.500004379,6.88708432,0.140121038,,,,,,505.40763,4.61314,1.0,1.13e-09,-0.42,0.0474389,0.0278914,0.0224781,0.0,0.0192799,0.0,0.0360546,0.0,0.0121156,0.0169129,0.0236477,0.0411362,0.0162886,0.0,0.012356,0.0140375,0.0171479,0.0107706,0.0112692,0.0,0.0441359,0.0371075,0.0934711,0.0784892,0.0111905,0.0240197,0.0512001,0.0186648,0.0627142,0.018342,0.0280853,0.00848034,0.0,0.0219768,0.0245175,0.024927,0.0460925,0.086665,17.0553,0.0498169,0.051541,0.0230402,0.142751,0.0601007,0.0872693,0.0758961,0.0955601,0.151418,0.0610549,0.171192,0.0516541,0.0297701,0.0655189,0.0398192
NDUFA10,probable,0.24992983,-0.0014,-0.00065,-0.0046,0.500352307,0.500010968,5.63873004,0.116073213,,,,,,1093.05276,6.32741,2.308827503,0.00138794,0.06,36.563,30.7451,46.5858,29.806,30.0531,32.6778,34.199,19.5957,28.7172,25.7615,95.4742,92.4119,40.358,42.6748,22.0888,28.8656,30.9498,21.8889,30.0649,24.2476,36.7506,44.2373,47.7041,37.9552,38.5581,35.6747,39.4873,36.7519,37.9873,37.0027,41.2536,41.4406,50.0937,26.9238,34.4902,21.826,30.2684,31.6927,39.8612,52.4117,46.8059,16.2332,39.3495,33.8766,46.0378,46.5599,34.1247,31.9488,33.6647,39.3852,38.7468,41.1428,38.7841,9.72085
KCNK3,probable,,0.0274,0.0027,0.02405,0.506949796,0.505402002,2.92856602,0.079957142,0.0,0.00156642,0.0,0.00641643,0.005,11.36951,0.41051,45.0,,,4.23221,3.49681,248.278,8.96956,17.011,14.846,6.66233,1.88627,4.90422,2.02043,21.2188,20.3363,7.56164,7.19678,1.05959,7.97607,2.89189,1.13144,1.29606,1.36285,2.97132,0.0649233,0.0314508,6.01913,9.67968,8.65704,5.27853,9.89755,1.28514,8.19911,7.77762,10.9598,0.560941,2.50238,2.46963,0.279457,47.1554,0.500973,0.368533,2.10458,2.14549,16.6972,12.9208,9.18213,0.491731,0.862612,1.77782,1.58644,2.72581,0.812116,7.17164,3.10958,3.98596,0.0223808
XDH,probable,0.492040008,0.0014,0.0016,-0.0004,0.503805654,0.501244439,3.82797749,0.090605551,0.0,0.00518135,0.0,0.0,0.011,1251.61702,6.67765,,1.56e-13,1.29,0.0270215,0.149304,0.0107264,0.0305736,0.012537,0.0,0.189485,0.0,0.00096479,0.0110256,0.0687612,0.107209,0.004958,0.00332825,0.0,0.0108588,0.019373,0.00890956,0.00548912,0.0,0.708574,0.604859,0.00783612,0.078573,0.085751,0.0285538,4.72806,0.0109251,7.61611,0.0125965,0.0736628,0.0106165,0.00904057,0.137871,0.200846,26.0548,0.158228,3.62721,0.0776557,0.0186871,0.010715,0.233226,1.85969,1.74861,1.42563,1.8732,12.4488,0.00953319,0.144378,0.215415,0.361861,0.0181546,1.29319,0.0
CD80,probable,0.132359073,0.00095,-0.0012,-0.001,0.514806636,0.509626004,5.82655783,0.12056353,0.0,0.0,0.0020202,0.000195733,0.0,78.41717,1.86871,,0.255224581,0.62,0.199419,0.229574,0.165819,0.505089,0.393439,0.138065,0.100082,0.0249922,0.0130489,0.0257992,0.0414612,0.0483975,0.0169526,0.0127034,0.0204602,0.0298955,0.0200911,0.0200957,0.123106,0.0444764,0.188147,0.0,74.2731,0.10019,0.192778,0.0907369,0.199356,0.113427,0.119011,0.113054,0.0720831,0.0755736,0.0379345,0.0809071,0.263469,0.110068,3.76949,0.238026,0.0390024,0.193629,0.0669226,0.148028,0.150833,0.172354,0.0793275,0.0689642,0.774383,3.30099,0.111822,0.207522,0.815367,0.173784,0.117801,0.143977
CD86,probable,0.537654281,0.0023,0.00065,0.00685,0.514812998,0.50963014,4.89194958,0.104993055,0.25,0.0124601,0.666667,0.0292947,0.026,1818.59328,7.86446,,0.962700436,0.71,4.46547,5.27869,3.07599,5.47932,5.02347,2.39931,2.21731,1.27455,0.743359,1.36442,0.416932,0.217371,0.447879,0.791477,1.41408,2.12104,0.997231,0.882057,7.24871,2.69091,2.30644,0.0,49.0947,0.911731,2.15418,2.18079,2.54761,1.47061,1.12362,1.4252,2.15654,0.923454,0.375817,0.596743,1.0428,0.525548,11.9479,1.80309,0.178366,5.01629,0.995268,0.393995,1.33988,1.88505,1.35997,1.19011,4.92771,16.3398,1.17816,1.66016,1.33817,1.21942,1.22004,11.2185
PPARG,probable,0.856568098,0.0053,0.0153,0.0048,0.96018788,0.694039742,6.54647028,0.132401129,0.666667,0.010989,0.375,0.00463883,0.006,580.36578,4.88414,8.130435227,0.668218174,-0.31,111.145,100.821,2.81662,4.4123,11.6175,4.44729,15.3118,1.26742,1.83532,0.962483,2.77393,2.4248,1.8335,2.17504,1.34371,1.05849,1.54653,0.712427,1.47292,0.827065,71.2587,20.4223,0.309642,14.1074,8.17698,5.91594,21.578,3.98504,5.03297,3.61516,7.89623,5.21659,4.71655,7.85204,8.14741,3.55026,19.4561,4.96582,2.09687,13.7922,17.473,0.8927,0.456269,5.36489,4.71791,6.02375,9.23883,11.0259,10.4628,7.02336,18.5109,10.7558,9.38434,1.7768
AGTR1,probable,0.733372629,-0.0109,0.0029,-0.0048,1.0,1.0,3.81588039,0.090887843,0.0,0.00188088,0.0,0.0,0.0,49.07123,1.36931,,0.007276251,0.11,70.2416,34.3293,33.7001,5.44517,8.73569,13.5748,15.3631,0.120955,0.0914243,0.141919,0.210304,0.407885,0.123873,0.0924332,0.145367,0.651791,0.137193,0.122864,0.201815,0.841574,39.0029,5.57345,0.0268202,3.56676,4.77866,23.6173,7.60385,10.844,1.15921,8.85912,11.009,5.86576,1.41271,5.55385,5.07021,27.971,12.9574,3.91973,5.05188,12.3743,2.65329,1.42311,1.38793,4.74077,6.79068,14.4012,2.99437,5.36933,2.19739,2.31666,18.1282,5.50257,4.89984,0.027845
SCN5A,probable,0.710956991,0.0119,-0.0058,-0.0001,0.511271494,0.506067929,12.6500977,0.277357892,,,,,,1128.17048,6.40726,1.540433982,0.995747527,-1.88,0.248842,0.219832,0.0996036,1.85605,0.448653,0.812062,0.855899,0.331083,0.29543,0.197507,0.16545,0.190044,0.639016,0.498528,0.102659,0.758485,0.219946,0.151946,0.0733927,0.0870519,0.463938,0.0979632,0.031085,5.34773,4.11862,0.763061,0.369949,0.325361,0.137934,0.383693,0.425291,36.1311,35.1075,0.0446342,0.0909832,0.0166013,0.15511,0.153104,0.472394,2.92132,1.52694,0.0442153,0.461995,0.987094,0.266881,0.27673,0.290489,0.1702,0.207828,0.736711,0.401903,0.872472,1.82716,0.109965
SCN10A,probable,0.519814193,0.00115,0.01725,0.03035,0.508875066,0.505853016,3.97098282,0.092857367,0.0,0.0,0.0,0.0,0.003,1695.64989,7.59207,,6.14e-26,-1.32,0.0,0.0,0.0,0.0608798,0.0223175,0.0173548,0.0,0.0,0.0,0.0,0.0,0.0,0.00968081,0.0103378,0.0,0.0,0.0,0.0,0.00513898,0.0,0.0,0.0,0.0,0.0,0.0166988,0.0,0.0,0.0,0.0,0.0,0.0,0.0666701,0.0440886,0.0,0.0,0.0,0.0,0.0,0.0,0.0,0.0,0.0,0.0,0.0,0.0,0.0,0.0,0.0131783,0.0,0.458663,0.0,0.0,0.0,0.0
SCN11A,probable,0.233205885,-0.0003,0.003,0.00105,0.505078921,0.500920794,3.98421268,0.093518256,,,,,,421.59129,4.28776,,2.52e-19,-1.82,0.649094,0.566076,0.155336,0.129916,0.206121,0.143784,0.563052,0.367903,0.282956,0.437131,0.208997,0.280293,0.37442,0.306867,0.26184,0.360142,0.489588,0.32589,0.469138,0.285013,0.576811,0.0402398,0.0890363,0.154232,0.161163,1.06447,0.609421,0.358664,0.0619711,0.397862,0.178098,0.0466061,0.0266712,0.179025,0.446237,0.117484,0.179682,0.119063,0.0334723,0.752481,0.179751,0.0720892,0.479879,0.19894,0.253841,0.206409,0.579578,3.25035,0.126761,2.99682,0.336369,0.141431,0.158663,0.00879903
IMPDH2,probable,0.700911403,-0.0869,-0.0653,-0.1637,0.504153735,0.500129516,8.8467776,0.178591962,,,,,,20.66552,0.70197,1.0,0.001353166,-0.65,199.354,178.67,121.755,134.548,142.192,151.34,226.554,39.9404,40.3872,41.2406,78.5587,76.593,50.0043,49.9532,34.6759,51.7787,46.3722,34.9394,78.7677,44.6787,214.087,469.724,387.597,363.867,400.238,173.225,147.446,144.829,238.601,135.981,297.842,60.6762,40.0499,57.3844,91.1606,39.4339,163.575,140.509,181.669,224.063,678.81,206.471,132.306,194.232,286.013,291.181,124.574,122.143,122.899,89.2369,172.979,317.298,273.322,36.7915
TLR9,probable,0.432222635,0.0016,0.0081,-0.0104,0.0,0.0,13.61371228,0.304552129,0.0,0.0,0.0,0.0,0.0,66.05356,1.6744,,0.000525226,-1.61,1.19122,1.12847,0.464686,2.17223,1.50359,1.60384,1.98438,0.433873,0.540875,0.685494,5.23954,5.96388,0.890327,0.685043,0.505059,0.664781,0.745349,0.555289,0.800682,0.477628,1.02325,0.192263,13.0983,2.66467,3.61021,1.77816,1.31763,1.71101,0.652663,1.49439,2.47448,0.394384,0.328188,0.400911,0.46631,0.297371,1.47011,0.947868,1.12831,2.18533,3.34445,0.136467,0.780796,1.62534,0.722227,0.641323,3.07926,8.32812,0.636497,1.29295,1.49312,2.37467,1.79825,6.30373
NISCH,probable,0.670743585,-0.007,-0.0112,-0.0384,0.0,0.0,5.69010845,0.117045074,,,,,,289.95693,3.64314,,0.817101389,-2.31,68.8385,58.5064,65.6696,82.9759,76.9941,75.1088,98.4944,31.8039,51.1019,33.3241,302.918,369.765,84.3892,73.1578,33.1367,46.6983,40.1436,26.6494,32.9996,26.8893,74.0341,47.4994,30.1606,148.58,184.378,83.7607,54.0452,92.0755,48.8858,89.4041,126.081,29.7532,18.3826,34.596,41.2988,19.9419,79.2596,57.8645,16.6526,152.697,140.333,22.7858,233.628,148.408,87.8629,87.2714,60.6246,64.8397,41.7524,139.633,97.3723,129.148,96.7373,23.8702
ENPEP,probable,0.349588096,-0.00405,-0.0051,-0.0129,0.50572616,0.503465633,9.7835374,0.198518648,1.0,0.00626763,0.944444,0.012504,0.011,422.73046,4.29372,390.8816459,3.58e-19,0.39,5.9927,18.2635,2.15081,1.32187,10.046,1.00758,2.40608,0.494788,0.465897,0.544607,0.155816,0.139798,0.359948,0.499775,0.62696,0.387653,0.477279,0.50682,0.211167,0.453501,7.59302,4.96784,0.0277893,2.37473,3.57464,1.8491,1.29194,3.35179,0.581375,3.1024,3.72532,3.45879,2.34685,24.2896,8.95903,7.64637,8.39193,1.44875,1.59697,2.26294,2.04848,0.657063,2.30694,2.97335,0.823655,1.13592,35.0765,12.9675,1.20395,0.500692,8.22619,17.5899,2.27131,0.0133005
PDE5A,probable,0.640711069,0.03585,0.0036,0.0344,0.533404991,0.520599883,0.0,0.054433199,0.142857,0.00407268,0.392562,0.0136387,0.011,426.62286,4.31406,,0.003390906,1.05,18.4361,7.95217,4.4193,81.8923,44.6208,67.0652,16.0092,1.06959,1.1074,1.37099,1.50808,2.46476,1.11753,1.1327,1.09845,1.72768,1.16165,1.15901,1.02579,1.37298,11.9848,2.66429,0.470755,43.9299,26.6504,49.2185,17.4199,55.829,4.52183,57.5694,22.3949,3.38444,1.96261,1.8988,3.02611,0.44053,18.9066,4.75666,3.03468,19.338,5.42766,4.17541,3.72276,26.647,3.66748,5.56635,8.7093,2.2386,4.45424,7.18509,15.6617,11.3006,19.2858,0.593762
NR3C2,probable,0.636465311,0.0,0.00315,0.0028,0.968245837,0.551842227,3.96184384,0.092308104,0.0,0.00657895,0.285714,0.00243934,0.003,128.61669,2.47138,,0.925088553,-0.35,8.07375,5.87409,4.2085,6.64153,6.2147,11.264,9.91284,4.39048,5.91583,5.31962,11.9663,10.1378,7.78859,8.94611,5.64592,4.02038,5.42358,4.24104,4.45864,4.08374,8.16367,0.312525,0.0854649,11.7848,9.57862,9.45514,12.6521,5.94144,1.55826,5.6523,6.82792,4.79813,3.10129,5.36992,7.36949,2.63238,7.32467,8.5675,3.92722,10.0167,13.1211,2.93035,10.4556,4.15213,4.04878,4.90757,10.6906,3.5037,5.3662,8.04235,19.3088,7.65041,6.30023,0.359114
GUCY1A1,probable,,-0.0116,-0.0113,-0.013,0.757011433,0.549836975,0.0,0.052540639,,,,,,,,15660.0,,,,,,,,,,,,,,,,,,,,,,,,,,,,,,,,,,,,,,,,,,,,,,,,,,,,,,,,
GUCY1B1,probable,,-0.0231499999999999,-0.016,-0.0342,0.78012569,0.566091432,1.99141767,0.069955147,,,,,,,,3.0,,,,,,,,,,,,,,,,,,,,,,,,,,,,,,,,,,,,,,,,,,,,,,,,,,,,,,,,
GRIA2,probable,0.816502929,-0.0115,-0.0079,-0.0158,0.500429423,0.50029223,12.80933574,0.28752322,,,,,,32.84712,1.01918,,0.99550949,-0.78,0.123045,0.0526209,0.217272,17.4815,0.633759,0.569814,0.0731597,28.1544,41.5228,31.4362,69.7144,74.3718,55.7127,73.7379,30.8006,28.4071,49.6925,22.2557,14.6495,15.5787,0.379725,0.0161357,0.0147799,0.754832,4.58438,0.228568,0.111072,0.907217,0.0312016,0.131806,21.6212,0.0222855,0.014429,0.0584951,0.0435952,0.0112696,0.0537881,2.17846,0.0603156,5.35845,0.189688,0.315912,34.6234,0.253819,1.18333,1.39933,0.0753849,0.0450839,0.452891,1.308,0.0515123,7.73098,0.270515,0.0125593
ADRA2C,probable,0.734542012,-0.032,-0.0322,-0.0585,0.501440673,0.500186533,4.92784773,0.105277509,,,,,,2173.15437,8.58195,3.0,0.645951821,,24.6841,12.824,3.57282,191.509,54.994,128.645,6.45552,5.45371,6.6392,27.8109,3.54894,3.19666,6.40683,6.21661,3.89468,3.94592,17.7223,23.7254,1.51851,2.14584,12.6975,0.830276,0.0554803,90.9863,212.02,3.39244,3.22075,4.73819,2.54735,4.20814,50.7298,2.46054,3.2849,14.8444,40.3104,0.326978,7.37051,1.7909,2.53771,10.0742,4.75782,2.47467,7.57743,33.5558,6.86192,10.0636,3.67139,32.3018,1.67989,8.43704,2.17856,71.1335,16.2805,0.0435626
GABRG1,probable,0.367896616,-0.0071,0.00705,0.0022,0.500073761,0.500007907,9.93128719,0.202839393,,,,,,45.46745,1.29537,1.0,0.008474484,-0.8,0.0714749,0.235117,0.02529,0.0,0.0166955,0.0128489,0.0335092,18.3059,17.9006,21.0154,6.46365,10.3881,18.4397,17.8226,10.7952,18.2508,21.1746,13.2569,4.96957,10.6843,0.0543799,0.0,0.00587015,0.0280159,0.0811308,0.0267703,0.0306106,0.0356628,0.00792961,0.0317651,0.0284171,0.0069138,0.0,0.0136164,0.0136176,0.0249903,0.0112353,0.00247222,0.0,1.12404,1.24204,0.00757139,1.00258,0.0153668,0.00697187,0.0,0.0639964,0.0647784,0.0136977,0.334866,0.182188,0.0422563,0.0273755,0.0
GABRA2,probable,0.836621523,0.01595,0.00865,0.0165,0.500823458,0.500009205,10.90798904,0.231571356,,,,,,19.24152,0.66325,1.0,0.976963701,-0.27,0.50473,0.124729,0.0104125,0.137812,0.263705,0.139993,0.126793,8.74282,10.4603,10.6837,2.96847,5.98857,10.5643,11.9348,4.98073,3.29453,10.7388,7.34167,0.881958,1.37233,0.597679,0.00904054,0.00238846,0.388777,0.346057,0.788645,0.836938,0.243741,0.0652303,0.212607,0.0323384,0.0626283,0.00920972,0.566589,1.78227,0.00534174,0.0567931,0.0527599,0.0210587,2.24849,0.177043,0.0123502,0.167294,0.0426831,0.0648803,0.061792,0.791215,0.208459,0.108036,0.232723,0.0703633,0.0620605,0.321652,0.0
GABRB1,probable,0.774301469,0.0003,-0.0003,0.0018,0.500824735,0.500008565,10.93530916,0.231387138,,,,,,31.23713,0.98534,,0.977782833,-0.36,0.0220647,0.0137564,0.0,0.0903841,0.455323,0.629755,0.0,1.77076,2.10243,2.78205,1.10636,1.91419,2.28441,2.24651,1.00082,1.55045,2.90369,1.74399,0.336941,0.794788,0.017134,0.0,0.0,0.0,0.0,0.0771113,0.0359866,0.0337511,0.0,0.0,0.0,0.19035,0.263228,0.0298708,0.0510353,0.0,0.0,0.0610989,0.0,0.038483,0.0195673,0.0,2.32413,0.0,0.020444,0.0,0.0403603,0.0,0.0,0.162304,0.0330576,0.0589873,0.01619,0.0
PDGFRA,probable,0.852899194,-0.0032,0.0087,0.0275,0.508395324,0.501493725,10.79929478,0.224576835,1.0,0.0479647,0.849057,0.0440308,0.044,599.71226,4.95653,1.0,0.99987673,-0.64,52.1096,54.5468,20.4762,68.2557,61.2086,34.3216,66.1637,16.7691,13.3943,8.95008,3.50848,2.71614,7.5527,9.63841,12.1554,12.5749,8.64902,6.12708,8.19168,11.4617,42.5282,164.198,0.109071,56.0274,100.042,52.7205,35.6633,52.0244,15.5146,40.416,89.1068,21.9757,5.56887,9.55813,16.3693,4.43704,60.9157,19.5416,4.96598,41.9717,217.526,6.44754,5.31296,19.0231,15.0192,19.2073,38.0143,61.6217,24.6721,12.3471,27.9088,77.461,58.1685,0.0882629
KIT,probable,0.850708902,-0.00225,-0.0019,-0.0017,0.510978178,0.505045008,10.86837822,0.225086996,0.625,0.00264813,0.921053,0.018656,0.015,213.06132,3.15066,1.343679525,0.999879541,-0.68,11.7017,7.55708,0.47355,7.74392,3.37484,7.23341,20.3299,6.48983,11.2927,10.8164,29.7964,24.9165,5.99349,10.6584,9.95251,4.24833,5.75281,5.08975,2.37199,2.08625,22.3413,0.144297,0.151229,10.3443,5.83146,20.4795,12.9544,35.29,6.13601,44.4616,6.09818,0.972866,0.631595,8.42335,6.79357,0.383842,21.082,22.3165,0.634933,5.35372,36.3888,1.10689,3.49035,8.17643,19.0491,27.7625,15.7194,2.17828,19.2015,5.75577,28.0937,12.0131,9.98404,0.245751
KDR,probable,0.747131348,0.0006,0.0001,0.0056,0.507467761,0.504963291,12.56938871,0.275229532,0.25,0.0110104,0.799479,0.00755889,0.041,2242.88737,8.73853,2.191555888,0.984488112,-1.14,44.8704,73.7194,16.0585,7.75012,19.3253,17.6414,18.058,3.11619,1.88174,3.61626,1.2297,1.45709,2.28256,2.36007,3.819,3.30004,2.27003,4.63236,5.79004,5.42425,47.4201,2.35891,0.0429056,25.648,34.2656,9.18961,7.87964,18.0638,6.03201,21.3433,40.762,11.7644,10.8258,16.4831,12.9215,3.36219,50.7656,9.11644,5.12022,36.2924,10.3064,4.25362,20.563,23.2152,7.70208,10.6382,11.2566,8.0378,11.1801,4.32565,80.1173,78.6393,15.2921,0.0467956
NDUFA2,probable,0.432313383,0.0023,-0.0313,-0.0342,0.500363836,0.500011305,2.00140612,0.070950359,,,,,,11.36697,0.41002,,0.339536516,0.19,46.5403,49.2134,70.5451,45.3123,49.5081,46.4917,41.1873,44.6516,51.1514,46.5659,56.249,47.8658,43.2393,57.4096,41.5414,50.944,50.2741,43.7723,50.4914,49.2105,48.5131,50.434,83.4268,42.3076,48.3925,46.5557,46.4646,43.614,42.2322,42.7319,50.4535,46.4213,51.5371,52.029,66.4913,39.1901,45.5502,45.3135,59.7012,48.2905,50.3087,19.3938,61.6546,53.5864,35.7445,36.9118,43.809,50.8741,46.3662,79.8628,57.7939,41.7234,42.2308,25.2147
NR3C1,probable,0.743477643,0.005,-0.00135,0.00025,0.780916865,0.560026938,8.54887221,0.169293528,0.0,0.0548246,0.0,0.0739814,0.069,135.29579,2.53062,2.868608281,0.311618466,-0.16,34.1259,26.4035,6.20496,22.5118,23.9696,32.6855,18.5162,5.66318,7.19639,6.96365,28.9568,24.2991,9.90739,11.4753,5.81151,8.02036,6.75616,5.74078,11.8533,6.76661,26.1792,33.5869,55.2542,21.144,19.5098,16.427,10.0312,21.7033,11.5512,22.9175,18.5239,8.8275,5.25356,5.35466,8.16735,8.88459,24.7418,11.6789,20.1742,34.46,15.3293,4.94013,19.7816,15.8265,18.2678,20.7671,13.2516,13.2558,8.93919,9.46285,21.373,20.6577,21.8527,9.67008
PDE6A,probable,0.322202206,0.0025,0.0018999999999999,0.00555,0.503858424,0.502615334,1.95986126,0.070320596,,,,,,881.28278,5.78422,,6.61e-12,-0.19,0.0909456,0.0645349,0.815833,0.0445493,0.0531473,0.0494707,0.0540754,0.0394797,0.0291954,0.0450063,0.255371,0.239693,0.032657,0.0300056,0.0275323,0.0400647,0.0598056,0.0428457,0.0492802,0.0361036,0.0857192,0.0444273,0.0439051,0.042107,0.0446502,0.0723354,1.12335,0.0389261,1.53598,0.0406018,0.0841544,0.0458579,0.0444685,0.0110431,0.0206293,0.0103294,0.217264,0.481232,0.0814461,0.0523828,0.282466,0.018942,3.12217,0.148593,0.171865,0.111262,0.0970492,0.0402512,0.0517781,4.58007,0.0339171,0.0475075,0.171945,0.00765115
GLRA1,probable,0.52841568,0.0097,-0.0038,0.00265,0.500720418,0.500005511,14.84925595,0.344473545,,,,,,149.47271,2.66552,,0.076492455,-0.51,0.0189873,0.0209657,0.0258022,0.0186142,0.0206403,0.0174719,0.0,0.0519549,0.0380152,0.0746039,0.312294,0.313808,0.056136,0.0648376,0.0245458,0.809802,0.0446211,0.131021,0.253122,0.57414,0.0186995,0.0262678,0.025818,0.0,0.0,0.0,0.0123713,0.0183361,0.0,0.0172828,0.0529502,0.0102127,0.0,0.00852298,0.019484,0.0,0.0236625,0.0,0.0216783,0.030905,0.0,0.0764315,0.0,0.0,0.0,0.0,0.017713,0.0161771,0.0,0.0753694,0.0260417,0.0,0.0,0.0
GRIA1,probable,0.852899194,0.0006,-0.0029,-0.0035,0.503954052,0.501550603,20.69356934,0.560585168,0.0,0.00156642,1.0,0.0694391,0.056,947.1656,5.96106,2.010947411,0.999436341,-1.2,0.668813,1.22823,0.317547,19.4997,2.77007,1.30627,0.184958,27.6155,32.5731,22.7305,41.8028,76.6705,26.3588,34.1009,35.8114,24.6519,31.5937,14.8852,2.7812,5.24265,0.430444,9.6631,0.342437,0.218597,0.305885,0.632942,0.330024,0.834035,0.0869792,0.588929,0.190342,0.323923,0.0613411,0.084813,0.0853696,0.0217742,13.7471,0.113426,0.0903018,1.22686,0.209281,0.0669824,1.64427,0.15023,0.330419,0.328405,0.362429,0.0748498,0.1883,1.32566,0.479791,0.203833,0.33454,0.0108533
ADRA1B,probable,0.666467905,-0.00695,0.0028,0.0018,0.838268562,0.535598287,5.8625731,0.120116413,0.0,0.0,0.0,0.00288869,0.002,27.75985,0.89163,,0.182479135,-0.6,3.84088,7.02644,2.20071,39.5513,3.89401,18.2971,0.65587,3.26655,9.58907,1.94144,1.36877,1.45972,10.3621,11.3554,1.97773,2.7685,1.55167,1.06493,0.373337,0.365898,2.81977,5.5013,0.0557477,0.909753,1.3007,0.873479,1.10882,1.98945,0.282536,1.59167,8.57526,1.64407,1.04637,2.45525,0.757968,8.02553,6.80259,0.221142,0.254699,4.10998,5.43369,0.240638,0.870033,0.728991,0.801768,1.36767,2.01585,19.5126,0.934124,0.704627,3.05377,2.31033,0.5434,0.0
DRD1,probable,0.80871886,0.0013,-0.0021,0.011,0.503883882,0.502671738,6.90158655,0.138087075,,,,,,30.11978,0.96089,1.0,0.89643155,-0.4,0.347033,0.578106,0.347318,0.888674,0.29059,0.357012,1.06525,2.0762,3.50153,29.4642,0.242687,0.447834,4.32026,5.73261,1.05143,0.724427,31.5394,22.4999,0.200328,0.2197,0.279379,0.0,0.0,0.624036,0.713003,0.173863,0.268959,0.230063,0.157945,0.11987,0.608349,0.0126054,0.00978848,0.0832792,0.769099,0.260603,1.08443,0.106722,0.0245457,0.603348,0.118591,0.0279255,0.240361,1.16928,0.109218,0.11766,0.396814,0.150978,0.216686,0.0971598,0.274853,0.444809,0.616814,0.0
FLT4,probable,0.8223508,-0.0104,-0.00215,-0.0032,0.507385843,0.50216954,5.95572568,0.121076197,0.0384615,0.000647668,0.154948,0.00033745,0.007,835.41804,5.65903,,0.999936679,0.71,22.4494,28.679,13.5567,3.23121,7.64623,2.8842,8.92053,1.05724,1.0746,6.27661,0.752457,1.48349,2.04669,1.42757,1.59141,1.43249,1.46285,6.08911,2.16576,1.7058,28.9231,0.0769828,0.0718917,23.795,21.2892,8.22477,5.72581,10.2388,5.96214,9.76749,25.3239,3.6337,4.66467,19.7882,21.0279,4.15037,34.8001,3.36852,2.1537,8.95113,8.3731,1.26877,15.9804,11.454,5.53178,6.74048,12.3512,31.297,4.411,8.66822,64.0465,21.4956,11.924,0.578054
NDUFS4,probable,0.204349279,-0.006,-0.0027,-0.0204,0.50115736,0.500021102,2.61173949,0.075711378,,,,,,31.58455,0.99399,,0.004164996,-0.6,97.98,77.4581,69.7989,96.8412,91.2041,118.122,86.3234,46.1399,53.6224,47.1225,80.5562,70.3057,57.8206,69.9388,40.8105,52.3743,56.0693,40.2618,64.4462,53.7663,90.649,115.761,94.4994,99.1058,89.4879,97.7703,76.0126,88.0585,69.8391,83.5195,86.7984,68.9237,83.1836,61.5225,84.0131,35.4779,67.8185,58.1494,120.331,104.812,114.399,18.1374,67.9446,70.8176,73.4367,76.4815,54.1097,43.6501,59.4,59.1914,81.14,94.6883,84.5991,6.44782
PDE4D,probable,0.786468923,0.0006,0.00015,0.0015,0.373424692,0.265850241,6.89843022,0.137479315,0.0,0.0153509,0.15,0.0214493,0.021,15.63977,0.55771,1.102072032,0.983199686,-1.38,3.28775,6.09162,0.430046,5.02026,6.43242,19.754,12.5155,1.45469,2.84402,1.39656,2.42389,2.89799,3.02706,4.13533,1.46448,2.64732,1.99093,1.04822,2.50229,1.89499,3.49614,8.53553,1.09279,3.72927,4.28702,16.5809,6.5457,5.99368,1.92818,6.06949,4.60816,5.87428,2.69194,3.43723,3.10792,0.471151,11.0279,3.31059,23.0938,4.75166,1.23675,0.385796,5.6037,11.1936,2.58573,2.36612,4.5466,2.39169,3.97248,1.35741,4.95656,5.3184,5.84143,2.54219
NDUFAF2,probable,0.150240377,0.0005,-0.0077,-0.00505,0.501060617,0.500000836,1.6697435,0.067467745,,,,,,12.55307,0.45787,,3.86e-07,0.08,31.5651,31.9018,24.5612,41.3095,39.5847,46.5038,37.1108,17.7063,21.8296,20.1108,23.9155,19.6417,21.1817,26.3859,16.9812,23.5419,26.0814,17.3854,21.9146,18.1268,30.5155,65.3496,34.8433,35.9744,36.1813,39.9333,23.897,43.4209,24.4721,41.3051,32.649,20.1049,17.9941,13.9729,23.4937,9.34685,22.4198,18.7508,27.6829,34.2649,36.1855,10.7048,39.3099,28.3261,17.1171,15.8456,17.0507,14.7342,18.2053,34.5848,23.5103,33.143,30.7061,1.85818
HMGCR,probable,0.782960892,-0.0071,0.0195,0.012,0.502292782,0.501021861,3.83308022,0.091605832,,,,,,48.92052,1.36596,1.0,0.999836645,-0.49,9.50821,9.03004,42.4403,9.12039,9.42319,9.16114,11.3986,11.5166,17.4066,11.2736,31.9194,26.1719,19.8297,28.7629,12.5122,19.6239,15.6775,8.64789,19.8595,8.8919,10.5633,25.6463,66.1478,10.4948,16.3318,10.2756,23.379,9.14244,63.8114,9.03911,14.6855,3.80729,2.63354,9.15612,11.4915,13.3229,22.7269,15.7718,2.71282,20.2413,14.0246,6.45364,15.0652,11.9059,80.3961,73.7741,20.0478,16.0471,14.7552,26.3421,20.171,13.6338,42.8618,7.94287
PDE8B,probable,0.748882174,0.0012,0.0003,0.0147,0.630049073,0.521445425,0.0,0.051636578,,,,,,135.71543,2.53301,,0.986862336,-0.69,18.2021,14.1845,1.89881,30.1648,5.72173,15.783,4.04124,13.2554,19.8993,15.2519,6.57831,6.35289,19.8823,22.3936,10.8236,17.9627,16.8103,14.2074,7.32415,10.4131,8.93553,1.18919,0.690089,17.7681,27.475,5.61538,2.60855,2.06143,1.8322,1.49221,27.9426,13.2573,0.686298,2.52408,9.30213,0.934934,6.79586,9.27581,0.482046,4.08035,4.38977,2.65333,13.9158,18.1467,2.02655,2.61673,2.3609,1.131,2.80826,4.2298,110.532,32.8831,6.07589,0.17499
PDE7B,probable,0.707306206,0.00255,0.0002,0.0052,0.502584155,0.500067132,0.0,0.052631346,,,,,,81.71899,1.91609,,0.946452269,-0.29,5.61368,6.37486,2.49925,1.19162,2.85933,3.02084,8.9719,4.45951,4.78923,14.3227,1.06838,1.18068,6.31604,7.25404,2.97729,5.67094,17.4079,11.1378,2.48301,4.10984,3.35762,10.9969,0.0292788,5.79335,6.15045,3.34225,2.35955,3.58739,0.994472,4.04722,4.79878,3.16008,2.91106,3.60543,5.93402,1.28813,1.89467,1.75674,1.65588,8.14695,18.4538,0.434873,4.79873,6.37528,0.760601,1.1269,2.8622,1.15332,2.03143,1.83188,7.87728,12.0502,4.90131,0.0479097
ESR1,probable,0.762403488,0.0041,0.0,0.00445,0.53184247,0.502062481,11.79347495,0.251877542,0.0,0.000944287,0.538462,0.00463082,0.004,148.46269,2.6565,,0.987167021,0.24,2.0679,1.57471,1.06957,2.719,2.52086,2.77405,1.9739,0.118863,0.118781,0.147093,0.883599,1.33377,0.220201,0.149656,0.120349,0.415845,0.198437,0.0901297,0.210326,0.114166,5.76179,0.322275,0.112573,48.6505,88.8666,0.521786,0.357631,0.879261,0.309111,0.686675,43.2436,0.715569,0.305118,0.775318,0.764026,3.52714,1.80915,0.563924,0.598896,2.13021,7.71652,0.236908,5.81573,5.07228,0.842961,0.728544,0.538486,1.35313,0.310869,2.73794,2.55133,60.7347,45.5687,0.109503
OPRM1,probable,0.45271197,0.0005,-0.0007,0.0009,0.501429656,0.500486959,14.75014718,0.345982699,0.0,0.00281955,0.0,0.0,0.0,2304.1461,8.88891,1.0,4.21e-05,1.91,0.0,0.0,0.0,0.0,0.0,0.0,0.0,0.0319983,0.0433117,0.0265592,0.832253,1.45343,0.0580372,0.0707267,0.00603042,0.130138,0.144682,0.0112353,0.0100074,0.0,0.0,0.0,0.0,0.0,0.0,0.011366,0.0,0.0,0.0,0.0,0.00719869,0.0,0.0,0.0,0.0,0.0,0.0,0.0,0.0,0.0,0.0,0.0,0.014081,0.0,0.0,0.0,0.0,0.0,0.0,2.53345,0.0,0.0,0.0,0.0
PDE10A,probable,0.80871886,0.00235,0.0018,0.0049499999999999,0.251926434,0.251286563,2.99056035,0.080656714,0.0,0.00281955,0.689655,0.0301066,0.024,48.90667,1.36535,45.0,0.998485351,-0.98,1.88538,2.8392,0.758606,1.41557,2.6686,1.15037,1.387,0.905014,1.01001,11.8297,6.46952,5.91233,1.38525,1.56229,1.252,1.60629,7.5298,11.0251,0.712576,1.00627,2.58744,0.0426472,0.0121974,2.13595,2.5862,1.21656,0.571586,0.947948,0.383577,0.890048,4.64491,0.965037,1.3565,2.10473,1.32199,0.149176,1.24747,0.5471,0.181882,1.94075,3.64135,0.252327,4.02766,2.01036,0.356114,0.314256,0.783291,1.49021,0.886792,4.75542,4.95209,3.97511,1.15045,0.00485294
TNF,probable,0.462009788,-0.0043,0.0082,0.0562,0.420509992,0.302692417,8.79034508,0.175564397,0.0,0.00126342,0.0,0.0,0.008,15.40629,0.55317,3.0,0.27282919,-0.03,0.245964,1.0557,0.742848,0.538432,0.540318,0.0931593,0.255521,0.0921465,0.064928,0.110585,0.0811046,0.0751091,0.107208,0.0973311,0.10688,0.0901489,0.0948527,0.0973808,0.20852,0.175496,0.516196,0.129002,133.014,0.135166,0.0934448,0.497202,0.757424,0.333264,0.697906,0.396716,0.454861,0.344797,0.432489,0.856647,0.863079,0.304562,2.68089,0.35177,0.079664,0.113436,0.110841,0.134426,0.23107,0.251783,1.68116,1.23204,2.02127,8.95982,0.39238,0.173506,0.275485,0.227657,0.251793,4.5664
BRD2,probable,0.422697425,0.00695,-0.0034,0.0241,0.4758872689999999,0.340750858,2.61695585,0.076524065,,,,,,1065.99604,6.26213,45.07845401000001,0.99953088,-0.02,122.176,105.415,92.3797,132.132,123.779,149.223,133.632,42.387800000000006,49.8307,45.4017,167.945,164.257,65.8301,63.6071,47.3061,47.1361,47.0994,37.761199999999995,62.50849999999999,43.4693,118.742,100.876,148.857,158.154,173.423,122.39,93.7085,119.36,102.42,106.628,165.892,44.5167,31.412,66.0311,101.947,49.613,142.203,103.481,52.788,159.032,171.8,53.5312,152.142,136.101,115.01,121.571,111.025,150.807,89.1872,175.57199999999995,197.135,179.48,135.398,67.5286
GLP1R,probable,0.645917118,-0.0015,-0.0014,-0.0049,0.503883029,0.502673689,3.81588039,0.09224389,0.0,0.0,0.0,0.000385976,0.0,2392.4607,9.07868,8.234426762,0.064078049,0.13,0.0704807,0.0582258,0.0313778,0.0,0.0601366,0.13976,0.0191914,0.0198607,0.0584738,0.51391,0.0490942,0.05549,0.129315,0.0528545,0.0409235,0.393156,0.277126,0.242459,0.0273427,0.0,0.139608,0.0,0.0,0.0,0.0163047,0.0156974,0.0341916,0.0130011,0.0283038,0.0,0.0206989,1.74789,0.589777,0.0417405,0.063177,0.0,0.32809,0.253785,0.0,0.913391,0.0,4.68018,0.0285094,0.0997605,0.146719,0.218671,0.0724593,0.0329359,0.419721,0.771503,0.325366,0.0246894,0.0180306,0.0180798
CNR1,probable,0.609206319,-0.0014,0.0035,-0.0035,0.0,0.0,5.92909041,0.120962799,0.0,0.00250627,0.140449,0.0813013,0.065,11.91527,0.43204,,0.155072222,-0.96,26.0443,26.0394,5.98209,4.72655,5.38614,23.7202,5.15071,9.36488,18.7881,12.8669,33.8978,29.4012,13.0896,16.8872,10.9244,9.14916,7.45835,11.9745,1.84197,1.43294,18.9925,26.9195,3.85126,5.30645,7.31917,17.507,8.71868,9.30991,2.39134,7.62623,25.2269,0.595907,0.178723,0.292593,0.101085,0.0637954,4.19251,1.71382,1.20089,9.30942,2.72129,0.754341,29.3328,2.81928,2.59186,3.2865,13.8763,2.21527,2.69416,1.74269,6.61656,7.38283,4.29247,0.162268
NDUFA5,probable,0.276369214,0.0059,0.00465,0.0003,0.500378068,0.5000118,1.59096526,0.065270329,,,,,,2.068,0.06691,,0.173963053,-0.19,14.8683,14.2115,28.6432,19.7032,20.4163,24.4049,20.4473,31.3889,41.554,28.4329,41.181,30.7912,33.9876,51.5736,24.9403,33.8863,33.8172,23.1342,22.8076,24.5135,16.5609,15.7018,19.7789,19.6144,20.4759,28.1022,20.5921,29.8921,13.0377,31.5149,21.7731,31.2503,29.4724,18.207,26.9479,11.0885,15.9437,16.412,37.2296,17.4957,20.1743,6.12538,27.7375,21.9474,10.3411,10.3174,15.6456,11.2933,19.1441,18.3455,33.9149,22.9339,16.9619,0.935763
IMPDH1,probable,0.589421332,0.00865,-0.0194,-0.0035,0.504138188,0.50003713,6.65921682,0.134091962,0.0,0.0169173,0.7,0.028801,0.029,74.88549,1.81072,,0.005811859,-0.24,66.8903,79.8965,21.4723,45.2371,46.3244,29.0788,52.461,14.498,19.798,22.1394,26.7175,31.7505,29.9604,28.6681,16.914,18.9492,21.1834,18.2575,10.0116,14.5317,60.7983,82.8179,39.2386,41.3217,48.8112,41.7144,31.948,42.0942,39.5581,42.6195,41.8212,12.4643,12.3986,15.021,19.9308,3.48886,65.8556,45.462,3.47566,63.2326,46.6612,20.1631,51.9898,56.3211,37.1202,42.3493,33.9186,95.5641,57.2366,39.6768,26.8851,39.3973,43.62,172.497
TBXAS1,probable,0.169639766,-0.001,-0.0014,-0.00225,0.510133917,0.512611327,1.99205705,0.070643979,0.0,0.00532581,0.0,0.0,0.013,946.51884,5.9593,3.0,1.37e-08,0.94,6.27282,6.64395,5.05531,5.07707,5.44511,2.75971,3.88509,1.53937,0.931664,1.50845,0.539197,0.407792,0.776375,0.888615,1.41184,2.38991,1.24475,1.19344,5.89567,2.98443,3.48423,1.75664,6.51863,1.76155,3.02173,2.52165,3.94774,2.50223,3.44747,2.64798,4.07424,1.14411,0.659106,2.65377,2.62502,1.19544,21.3891,6.85671,0.348723,5.65276,1.36855,0.731148,2.63582,5.31976,0.842389,0.903517,8.24522,48.4863,3.07126,0.776377,1.79028,2.24626,2.41459,68.2976
PDE1C,probable,0.553302944,-0.001,-0.0002,-0.0015,0.503831161,0.502467046,0.0,0.053038083,0.0,0.00565327,0.333333,0.00746125,0.007,247.32468,3.3921,,0.000270704,0.05,1.6697,2.00623,0.522959,1.04325,1.62628,7.0363,8.4292,5.12459,3.09477,5.1881,2.19055,2.55672,4.92646,4.90078,7.13298,4.1932,5.18805,6.709,13.2735,7.05246,1.86391,0.284714,0.260814,0.741078,0.757278,2.62003,1.40207,5.24741,1.06531,6.02066,12.2403,9.92635,14.4118,2.00127,0.944153,0.0278765,4.3739,0.883155,0.26955,6.91981,3.18192,0.410672,0.820596,1.35883,0.276199,0.356665,1.93916,0.325421,2.30832,3.23729,1.40883,3.46009,0.764058,0.00939467
CYP3A5,probable,0.111908376,0.05495,-0.0284,-0.0482,0.669546701,1.0,2.89366853,0.07993679,,,,,,283.75653,3.60528,,5.21e-11,-0.18,3.05909,2.37358,16.2047,0.547382,0.398443,0.347242,7.0368,0.169963,0.224182,0.130273,0.49592,0.654801,0.321012,0.255074,0.168105,0.189492,0.139958,0.115422,0.289684,0.114896,5.13068,0.738566,0.316664,3.25691,5.97555,2.41949,28.2763,1.85058,33.7218,2.02717,13.2882,0.182619,0.120449,8.15326,2.24725,155.853,17.5528,1.70465,0.221297,2.16253,1.16016,28.3578,1.39172,42.5218,45.7562,42.1775,61.4648,0.419353,45.2894,0.492246,0.624359,3.53606,28.9963,0.087002
CYP3A7,probable,0.111908376,0.062,-0.0115,0.059,0.50472991,0.502162823,1.96359409,0.070358019,0.0540541,0.000627746,0.0,0.0,0.0,37.42706,1.11486,,2.93e-07,-0.31,0.0,0.171623,0.340822,0.088387,0.0,0.0,0.246538,0.0,0.0152463,0.0,0.0,0.0,0.0,0.0,0.0,0.0,0.0,0.0,0.0,0.0,1.60253,0.123074,0.102803,0.0,0.110054,0.265412,0.242125,0.233218,0.0,0.30113,0.232863,0.048335,0.0,0.687882,0.307448,24.5131,1.68354,0.310741,0.0,0.193422,0.243338,0.271893,0.130222,0.447048,0.420084,0.303126,0.361191,0.0,0.119553,0.132517,0.0889649,0.265952,0.173891,0.0
CYP3A4,probable,0.208788425,0.09115,0.0178499999999999,0.0925,0.534941692,0.504640514,4.91156875,0.105231499,0.162162,0.00188324,0.0,0.0,0.0,83.02614,1.93581,1.0,2.82e-07,-0.49,0.163184,0.197581,1.00762,0.114381,0.13363,0.0881651,0.0968186,0.026564,0.0383115,0.0441206,0.265855,0.487716,0.0954432,0.0632827,0.0322591,0.0352256,0.0436466,0.0310943,0.0493357,0.0309096,0.240634,0.0266298,0.362847,0.207738,0.105904,0.19382,0.26633,0.147827,0.30994,0.1491,0.125003,0.071466,0.0459161,0.213872,0.125548,335.297,0.127294,0.221475,0.165326,0.238514,0.222971,2.40974,0.766222,0.139941,1.8962,1.92192,48.2465,0.103014,0.137481,1.03258,0.130997,0.152603,0.221689,0.0501182
CYP3A43,probable,0.111908376,0.04455,-0.0101,0.03315,0.0,0.0,1.96359409,0.070358019,,,,,,2984.14721,10.36776,1.112452486,1.47e-10,0.76,0.102396,0.148167,0.048066,0.110045,0.125715,0.0790964,0.0642287,0.0911179,0.11743,0.130922,0.130831,0.158845,0.192677,0.171611,0.0842725,0.048058,0.134703,0.0924997,0.0917025,0.0777513,0.179372,0.0,0.0229479,0.108544,0.0896273,0.104085,0.0781264,0.09949,0.0275252,0.0917395,0.188048,0.0705756,0.0352821,0.0686738,0.174713,4.28768,0.128062,0.123843,0.11027,0.335016,0.29521,1.47025,0.133113,0.655112,0.0653796,0.063614,0.109064,0.115697,0.0996059,1.76627,0.0938411,0.135331,0.104976,0.0
KCNK9,probable,0.565498233,0.0017,-0.0037,0.001,0.506977302,0.505423383,2.92012308,0.08159563,0.0,0.0,0.0534759,0.00500481,0.004,5.61975,0.21065,,0.126993746,-0.38,0.0287016,0.0268903,0.217494,0.385597,0.0313851,0.0668723,0.0270651,0.782834,2.37814,0.297751,59.7789,62.6373,5.93212,5.50864,0.834745,3.83434,0.206669,0.305788,0.724782,0.48114,0.0281397,0.0,0.0590834,0.0589655,0.0319518,0.367992,0.0723082,0.109935,0.0184298,0.044942,0.0808569,0.0167476,0.00809411,0.032694,0.0934417,0.0,0.0382209,0.0333338,0.0684579,0.0257554,0.0224444,0.0322478,1.21034,0.0365808,0.0261038,0.0405539,0.0677703,0.045873,0.084766,0.177921,0.0334811,0.0627485,0.0275737,0.0
PTK2,probable,0.748882174,0.0436,0.0117,0.0583,0.531629421,0.501845713,12.7710528,0.28606278,0.0,0.0648496,0.0,0.0249743,0.033,55.1779,1.48998,3.0,0.999992958,-1.51,26.263,18.8661,19.5383,28.0808,32.3832,51.6905,19.9295,16.7855,15.6308,18.4754,23.8163,24.3268,20.8791,21.3959,20.4856,16.021,15.8433,17.5831,28.6309,17.6207,22.2539,18.132,4.27313,25.8504,23.9187,20.2985,14.5096,18.2372,10.5648,18.1156,21.0326,7.84089,6.46435,9.41598,16.1167,4.4045,22.4448,18.3433,9.39048,31.0522,20.5402,6.31721,12.96,19.4487,13.4309,14.8189,13.7025,9.57535,13.7563,25.5739,23.6087,26.1889,18.0295,0.467931
C5,probable,0.419828743,0.0102,-0.0305,-0.0081,0.501421019,0.500124825,3.90343486,0.091561735,,,,,,5639.16587,15.54132,,5.61e-11,-0.05,4.74884,4.00727,2.57662,7.4681,8.33918,7.70794,4.96791,1.90232,1.67867,2.45884,2.34363,2.66234,2.12784,1.68092,1.68659,1.94371,2.56413,2.05119,3.30579,2.09055,4.6942,4.57562,1.49355,7.02506,7.37519,5.21774,2.6467,5.36846,2.23918,4.76355,6.70012,1.18735,0.488184,2.31396,2.76091,121.076,6.26868,2.24669,0.369152,15.4032,6.89192,8.39289,6.53573,6.40989,3.87502,3.19581,3.82459,2.46617,7.06058,3.55641,3.67323,6.90522,4.39983,0.54407
NDUFA8,probable,0.266798615,-0.0028,-0.0225,-4.9999999999999914e-05,0.50036852,0.500011221,3.45487877,0.086076085,,,,,,28.71647,0.91898,,0.202476373,-0.23,73.0882,77.853,97.0433,69.9188,72.5685,69.6065,90.2772,96.1952,131.363,135.592,118.887,102.587,134.761,172.015,96.0089,111.193,144.265,117.971,86.8048,96.3227,74.7143,115.317,109.95,66.4733,68.0343,162.421,103.311,110.592,74.2508,127.784,88.9266,208.04,220.338,63.7342,92.5435,39.498,64.5031,66.3595,129.847,69.2943,62.9242,21.8721,97.8471,81.0094,63.899,66.4588,66.5932,63.8405,83.801,204.327,84.5263,85.808,72.5683,16.2745
ABL1,probable,0.824708164,0.0018,0.0039,0.0026,0.512317276,0.501472722,15.55784922,0.3744112,,,,,,164.30123,2.79881,,0.999882701,-1.63,77.3988,72.7505,31.417,88.3378,76.2859,113.056,120.826,16.2534,15.6748,18.0812,21.0993,26.0539,19.9606,16.5818,18.409,20.979,17.7714,16.6594,40.6609,21.3751,73.2543,91.4055,30.6017,127.497,135.025,166.084,76.63,126.285,37.4568,119.663,124.413,27.0681,15.813,18.2601,26.7002,9.22794,59.1749,43.5295,18.7464,74.0904,105.051,13.3292,56.8331,70.22,43.4367,51.2822,53.9468,33.8442,41.3974,31.4648,92.7892,138.146,71.3419,4.05744
DBH,probable,0.390099078,0.00425,-0.0007,-0.0018,0.807572853,0.523729265,12.63081829,0.279666753,0.0,0.0,1.0,0.000770021,0.001,637.88987,5.08136,350.0,2.54e-06,-0.01,0.207369,0.310297,2.85355,0.181357,0.286014,0.0843999,0.616444,0.364796,1.38511,0.300303,0.773789,0.973767,2.51578,2.11972,0.196572,0.463194,0.308666,0.181733,0.154878,0.161715,0.22238,0.181602,0.0687099,0.951876,1.16589,0.367447,0.303276,0.371934,0.158732,0.28323,1.00974,0.514072,0.0750432,1.1002,1.99861,23.5694,1.82457,0.163501,0.0658249,2.22664,1.08592,1.50839,2.61192,0.917115,0.182559,0.145088,0.687471,1.58215,0.514454,0.659191,0.965215,0.795091,0.400767,0.0903968
BRD3,probable,0.72829324,-0.0057,0.0217,0.0164,0.500027982,0.50002201,0.0,0.054433199,,,,,,163.3189,2.79036,,0.766979379,-0.71,15.7693,11.7244,12.6078,15.8206,15.8012,19.7167,19.1931,7.77849,7.51276,7.26734,18.7932,17.6071,8.47341,8.31049,7.31602,8.35886,7.82669,6.14949,11.6695,7.78637,14.8564,15.0735,10.0827,20.4786,24.2264,21.6802,12.1523,19.1348,9.53535,19.5485,22.4031,6.36901,4.57336,5.25245,6.72338,5.10397,14.8273,12.325,10.4017,24.1572,19.4887,5.11662,13.5555,17.2437,15.1184,16.4673,11.5225,11.8517,9.31682,20.4952,20.7905,24.773,16.2997,3.50077
ABCC9,most likely,0.670620084,-0.0032,-0.0003,-0.0024999999999999,0.923452473,0.614972478,4.77784717,0.104257092,0.285714,0.00125589,0.818182,0.0199551,0.016,117.11773,2.35297,,0.000700543,-1.97,16.971,12.8344,2.63463,5.99089,7.70878,12.8141,5.66832,1.91818,2.25337,2.26524,0.382471,0.418858,1.90986,2.18052,1.69217,1.18345,1.54357,1.78704,1.0159,1.40359,10.0998,16.5493,0.0393093,11.3598,11.6318,8.26246,3.21715,15.0298,1.44118,13.0768,18.294,7.48648,8.40668,1.05469,4.51777,8.69046,6.55882,4.15827,16.1667,7.77437,7.75639,1.27613,2.37503,5.13089,2.38603,3.27033,1.92401,1.78365,2.04671,0.506314,8.48129,21.8175,5.20997,0.0161073
ACBD4,most likely,0.123297259,0.0431,0.002,0.049,0.0,0.0,,,,,,,,139.59497,2.57539,3.0,1.83e-05,0.46,15.5006,11.6054,17.6493,31.5876,23.9108,25.8578,24.6672,9.65303,11.9771,12.402,28.141,29.1942,14.1546,13.1628,8.22106,10.4895,13.9978,10.2432,8.03246,7.8474,18.05,7.39814,12.062,26.3404,37.3249,26.6541,18.1239,26.9928,6.97351,24.7069,34.6796,7.29653,3.57034,16.2436,14.827,41.5886,14.7093,16.0221,3.35894,33.0194,32.1197,9.94938,23.8061,29.9237,11.1244,11.5966,27.0472,20.5467,12.5673,7.19681,36.2435,33.4278,19.5113,4.45746
ACE,most likely,0.158249199,-0.0371,-0.0187,-0.0217,1.0,0.6501142,7.94256213,0.160718086,0.0,0.0259002,1.0,0.0216678,0.022,1006.9095,6.10989,45.0,4.63e-18,-0.57,16.055,8.79466,3.1546,2.80692,4.49293,1.95095,3.98414,1.00705,2.02523,8.16067,1.71526,2.02249,3.34507,2.72993,1.10272,1.83437,5.70584,6.51267,0.801155,0.598217,9.18845,6.40418,0.157691,12.3299,8.66642,3.99575,10.0688,5.15937,3.44775,4.93844,3.49419,2.92323,2.16295,3.8524,2.02982,0.520167,38.9633,8.69263,1.42466,5.10211,2.74678,1.77716,12.4842,9.54126,3.26526,4.22766,64.7819,2.9618,3.68586,112.341,22.3236,5.26453,4.84882,0.311329
ADRA2B,most likely,0.238498077,0.1297,-0.0592,0.0377,0.501420152,0.500186972,2.80622297,0.078963372,,,,,,62.69652,1.61925,,0.000244369,-0.25,10.0737,7.30688,2.6396,5.78587,3.44046,5.07909,4.42046,0.778696,0.341963,2.05341,0.287553,0.437873,0.528475,0.413968,0.759966,0.498942,2.09997,1.63074,1.82207,0.521884,5.28917,0.0129655,0.209253,3.34498,3.34022,3.94636,2.88098,6.59566,0.891765,7.61383,5.08615,1.82702,5.30276,3.54464,5.71468,4.6432,1.05922,2.67546,5.03811,10.0526,2.65881,0.527113,0.807384,2.67347,2.15888,3.0219,3.88333,13.1199,2.42659,3.12083,2.94785,6.14392,2.50069,0.0532733
ADRB1,most likely,,0.00565,0.018,0.0206,0.503873991,0.502669547,2.91936788,0.080110193,0.0,0.0021978,0.0,0.0023753,0.002,95.03749,2.10229,20.0,,,2.07904,5.24908,0.133087,0.168653,2.32312,0.102387,0.428788,3.85523,6.8799,6.93907,0.936963,1.50691,12.0295,11.323,2.95284,2.21775,12.8994,6.06605,0.829399,2.71917,2.18165,0.0147508,0.6053,0.133255,0.142206,3.59232,1.97173,3.4146,0.704522,4.74399,0.225416,14.5952,14.0945,0.914839,1.20876,0.182195,24.2928,0.358247,0.121381,0.215442,0.137768,0.532266,0.313522,5.63343,0.637834,0.515277,2.97196,2.4516,0.900845,1.23019,1.10683,0.150501,0.283678,0.0938949
ADRB2,most likely,0.668925405,0.001,0.0054,0.0125499999999999,0.868690308,0.552938275,10.75900262,0.223299618,0.0,0.0100471,0.152273,0.0181678,0.016,2513.68991,9.34152,3.0,0.476493104,0.42,25.6178,19.896,0.550471,2.75364,4.13095,2.38441,3.64479,1.16925,1.07282,0.934809,0.437363,0.537233,1.08738,0.916847,1.12552,0.825171,0.948112,0.814411,1.61443,1.36542,27.4385,0.918796,0.672835,6.26422,3.0243,2.78792,2.26621,4.8539,9.09194,4.96389,3.74804,3.47341,2.55022,0.419869,1.06624,3.40578,16.7264,4.83225,3.72013,6.38302,0.521782,0.356147,0.461902,6.00425,31.8511,27.5209,3.58338,8.47888,3.01045,0.649181,2.33451,3.90952,12.9557,4.06369
AGT,most likely,0.172807097,,,,1.0,1.0,4.7137448,0.104067305,0.833333,0.0160126,0.622951,0.0212493,0.02,587.2068,4.9157,45.0,1.57e-09,0.49,7.42255,14.0063,19.1442,60.8654,102.489,60.5178,3.43154,207.478,154.757,227.561,314.361,274.635,187.17,156.146,133.694,111.513,125.948,216.332,104.723,177.537,4.61016,0.869152,0.151938,19.789,8.64008,5.35434,6.59162,10.7216,1.21984,12.6952,10.9731,138.197,76.1076,28.7566,17.4583,1007.43,8.22461,5.54074,28.3251,22.3813,4.60661,4.10149,27.321,19.0343,1.16362,2.3187,13.5974,0.398593,4.60062,10.2313,25.1792,4.56268,5.61785,0.190568
APOE,most likely,0.460647643,-0.0189,0.0097,0.0244,0.510031152,0.506521394,25.5898132,0.732608235,1.0,0.132519,1.0,0.390267,0.343,1533.87452,7.27606,350.0,0.034533583,,430.409,262.706,3543.25,94.0809,207.321,24.0981,80.7918,1154.31,757.225,1593.45,629.459,748.885,604.172,624.094,611.904,954.067,1659.28,1510.33,576.817,1673.38,321.464,37.2269,2.69857,283.032,172.052,64.6581,115.864,16.2317,30.0476,13.8401,111.936,91.3071,20.6785,629.226,150.055,3181.76,271.189,63.8193,8.65174,77.5643,566.518,13.4142,103.448,35.3488,406.342,318.601,172.872,671.303,34.6731,191.285,199.905,56.0734,131.929,2.7653
CACNA1C,most likely,0.693781972,0.0005,-0.0015,-0.0035,0.4797384065,0.417302119,6.87689431,0.138156605,,,,,,257.23512,3.4497,97.11109048,0.999998433,-2.09,3.90819,3.03199,0.91873,23.0314,26.3302,23.2078,16.5567,2.27168,3.5242,2.55348,6.98406,7.96737,6.15416,5.60616,1.82563,2.94056,3.30342,2.13064,1.11412,1.34552,2.89983,5.71098,0.0310554,8.32418,10.5729,44.4513,10.8344,19.1624,1.67204,24.9014,6.48269,11.0358,10.652,1.1799,2.70827,0.202653,7.05657,1.20866,0.505665,2.75645,1.90519,0.447694,8.29414,9.49919,1.06812,1.71185,2.50428,4.35301,2.14296,4.61596,1.96658,33.6386,4.68666,0.0249337
CACNA1D,most likely,0.693386316,-0.01015,-0.0068,-0.0166499999999999,0.64503349,0.533446007,3.74177141,0.090414545,0.0,0.000626566,0.0,0.00494065,0.004,728.73949,5.35831,45.0,1.0,-3.51,0.0625685,0.110138,8.35908,0.0931234,0.0954007,0.0504717,0.416834,0.91449,1.54052,1.20314,5.35367,6.16765,2.8613,2.45464,0.997945,1.52773,1.99088,0.865526,0.962374,0.921234,1.08011,0.0175695,0.730862,1.91078,4.5315,0.941293,1.2028,0.289935,0.284167,0.215153,4.79846,0.547019,0.0387712,1.40566,0.988662,0.917359,8.74015,0.736759,0.0234157,2.90134,0.589407,0.960596,11.1441,2.96836,0.51385,0.707415,2.04151,2.75374,0.449585,3.00258,4.21635,0.568029,0.190808,0.0988922
CACNA2D2,most likely,0.622939706,-0.0156,-0.006,-0.0175,0.500399496,0.500156588,1.90066426,0.069480122,0.0,0.00125668,0.938202,0.0343279,0.027,590.52071,4.92605,,0.999693297,-0.55,1.50188,2.05453,0.500165,4.50673,2.13246,2.07822,1.69317,2.54225,4.95926,9.06452,33.1612,41.8807,7.26203,7.57994,1.9312,15.2186,11.439,6.41189,2.07196,5.67643,2.43976,0.189158,0.126768,3.88406,4.96163,2.79403,2.19122,2.74721,0.722843,2.73541,3.49425,8.653,0.842963,3.22984,3.02187,0.339362,33.241,2.59913,1.08735,2.1231,5.43879,1.32694,16.2288,4.713,2.94606,3.10224,2.63021,2.16559,4.57853,14.7574,4.54103,4.8367,2.36232,0.868236
CACNB2,most likely,0.602114379,0.0067,0.00355,0.00855,0.504264653,0.503104558,3.49140794,0.086888835,,,,,,766.55161,5.48442,55.45177603,0.001820338,-0.71,2.22506,2.09675,4.67696,6.98414,7.69702,12.0643,21.1655,4.13319,11.0541,6.92082,27.6475,23.2631,13.6439,17.7042,4.22425,7.80013,9.36353,5.268,2.18361,2.6711,3.66738,2.61572,1.76349,13.3992,11.3915,20.1911,9.25971,35.8946,3.01403,40.2982,13.9779,8.75035,7.71557,1.75555,2.67937,2.14918,4.76715,1.70976,0.369301,3.16219,17.3516,3.17266,23.9603,9.21872,3.92423,3.1,9.68289,1.14454,2.20906,1.93115,2.71435,13.5338,3.76991,0.0949219
CACNB4,most likely,0.638582647,-0.0189,-0.006,-0.01635,0.504294309,0.503162716,3.8518009,0.092927581,0.222222,0.000314169,0.163152,0.0126668,0.017,22.57919,0.75555,,0.011363582,0.08,0.868221,0.33921,0.424746,1.5526,0.787872,0.932342,1.94897,2.41066,4.87178,6.99794,29.4263,23.4722,4.57834,9.44697,1.95862,2.75346,8.10036,5.30491,1.81005,1.84046,0.713107,0.063647,3.22076,0.514845,0.585373,0.392394,0.227612,0.718913,1.12463,0.703623,0.571744,0.162043,0.0576818,0.529291,0.252611,0.0361896,0.8389,1.86247,0.0542263,1.03689,0.329518,0.143204,2.22282,1.77734,1.97132,0.9394,0.326342,0.335235,0.440006,3.74133,0.716492,0.513878,0.559293,0.0565969
CAMK2B,most likely,0.736296356,-0.0012,-0.0096499999999999,-0.0078,0.504062823,0.501396899,9.88779187,0.202883222,0.0,0.0106516,0.230769,0.0968405,0.08,1301.92267,6.78858,,0.468620194,-0.62,0.28251,0.121118,0.278357,1.81119,0.410913,0.283978,0.12061,38.9539,66.9085,91.0117,275.183,246.226,86.1475,104.538,64.9601,45.7601,93.8877,75.9935,9.00619,19.484,0.6814,0.18279,0.183398,0.105513,0.151367,0.893932,0.397375,0.664386,0.332368,0.529045,0.275553,28.8645,22.8407,0.758959,0.709074,2.36737,0.25018,0.327715,37.6709,14.7352,0.256279,0.83115,54.1038,2.00698,0.768903,0.766888,0.462457,0.282419,1.40849,2.557,26.8371,0.168673,0.192873,0.0491604
CAST,most likely,0.429466158,,,,0.5000463,0.500011489,2.93496915,0.080400336,,,,,,804.17478,5.5877,3.0,1.56e-06,0.71,100.312,67.2755,40.0837,94.5554,83.1963,117.222,96.4555,8.58696,9.28079,11.09,11.499,10.8683,11.9424,14.3775,9.99924,15.1283,10.186,9.50173,25.4072,14.4943,71.744,93.9037,39.3169,89.5696,74.3397,76.1534,62.9743,71.669,147.525,72.5376,63.4628,74.99,62.741,27.534,44.5983,21.3231,82.977,66.4994,85.3963,77.3417,56.2413,13.2045,39.0108,61.636,92.0492,101.531,52.4618,32.5811,30.4581,59.966,59.845,75.3552,137.292,37.05
CCND1,most likely,0.830946863,0.0016,-0.006,-0.0127,0.669546701,0.551842227,8.79295894,0.176330554,,,,,,11.551,0.41759,1.157548023,0.238186362,-0.32,59.5648,28.0166,27.445,87.2215,64.4504,70.1661,30.2791,13.8482,12.3071,10.3565,8.10264,7.60121,9.1724,10.8473,15.4776,14.383,9.51135,9.74876,23.8804,19.9105,55.9963,202.003,5.42097,16.347,14.6563,26.7099,18.9798,33.3708,96.5525,41.2621,19.865,27.3795,24.6997,17.8658,30.299,25.7132,62.1373,44.5032,1.39123,94.811,8.02001,18.3763,40.9923,71.5256,110.9,102.191,14.1371,20.1511,20.9309,5.17559,50.6347,17.9891,71.6884,0.255782
CLCN6,most likely,0.575333595,0.065,0.0292,0.0895,0.0,0.0,2.93429059,0.0803927,,,,,,371.5394,4.06812,45.0,0.163974191,-1.57,23.4717,16.2391,17.9895,18.9416,18.3939,23.031,21.7436,14.2754,22.0853,15.3935,38.3562,40.8625,27.1935,30.8264,15.6263,25.2155,15.8311,12.8217,23.6955,17.5445,20.8975,14.7523,18.5344,29.6198,34.0991,22.7614,14.7965,21.1729,9.77182,19.8922,27.3258,10.8362,7.28334,10.4996,12.951,8.4081,26.7854,11.6507,7.74102,38.6909,35.9085,5.55574,35.3001,22.779,13.8032,15.9251,19.298,18.7503,11.8454,38.8683,30.4176,32.056,20.1475,3.17555
CYP11B2,most likely,0.111908376,0.0006,0.0109,0.0091,1.0,0.6501142,1.6697435,0.068743802,0.0,0.0,0.0,0.0,0.0,295.69785,3.67149,45.0,3.93e-13,0.56,0.0,0.0,89.3696,0.0,0.0,0.0,0.0,0.0,0.0,0.00588415,0.0,0.0,0.0,0.0,0.0,0.0,0.0,0.0,0.0,0.0,0.0,0.0,0.0,0.044676,0.0,0.0,0.0,0.0,0.0,0.0,0.0,0.0,0.0,0.0,0.0,0.00948479,0.0,0.0,0.0,0.0,0.0,0.0,0.0,0.0,0.0,0.0,0.0,0.0212902,0.0,0.191225,0.0,0.0,0.0,0.0
CYP1A2,most likely,0.111908376,0.03345,0.0001499999999999,-0.0020499999999999,0.516689187,0.504514008,2.89366853,0.079824636,0.027027,0.0,0.35,0.000128659,0.001,141.56503,2.59593,3.0,3.29e-10,-0.6,0.0201136,0.0537581,0.0128524,0.0145153,0.0267522,0.0,0.0,0.0,0.0,0.0,0.0111252,0.0150543,0.0,0.0,0.0,0.0,0.0,0.0,0.0,0.0,0.0165423,0.0,0.0593256,0.0174201,0.0076516,0.0,0.0,0.0,0.0152555,0.0,0.03956,0.0,0.0,0.029755,0.0669868,71.5396,0.189513,0.0102511,0.0,0.0102913,0.0164478,0.0,0.0143068,0.0171579,0.0958014,0.163965,0.0,0.0153888,0.0,0.105563,2.9889,0.0,0.0,0.0197973
CYP2C19,most likely,0.111908376,0.04485,0.0107,0.01215,0.516324725,0.503861536,3.866916,0.090642318,0.0,0.0,0.0,0.0,0.0,378.83872,4.10454,4.352730655,2.54e-10,0.71,0.0,0.0,0.0,0.0,0.0,0.0,0.0,0.0,0.0321396,0.0,0.0227764,0.0570563,0.0230822,0.0247673,0.0,0.0118295,0.0,0.0,0.0251461,0.0,0.0,0.0,0.0,0.0,0.0,0.0,0.328753,0.0,3.73312,0.0,0.0,0.0,0.0,0.0226458,0.00383093,13.2527,0.057295,0.0651891,0.0,0.0,0.0,0.0206248,0.0,0.0,0.715937,0.486491,4.92558,0.0,2.2179,0.0750059,0.0,0.0,1.20217,0.0
DSP,most likely,0.747131348,-0.00645,0.0269,0.015,0.509119108,0.500020384,12.88289324,0.281691357,,,,,,4755.60752,13.95902,,0.999901543,-2.23,3.59687,7.62382,16.141,1.38994,3.12093,4.61089,3.92949,1.2795,0.599888,0.909328,0.659585,0.972988,1.16534,0.791058,1.12252,0.836765,1.09681,0.860107,1.57016,1.02192,29.9802,9.61245,0.295742,5.14708,4.70859,2.85678,32.1644,2.63031,647.419,2.44316,9.40431,47.0164,52.8373,14.038,17.8792,21.3464,9.07813,87.6854,0.464807,3.89416,3.25121,44.8897,14.7673,34.224,1155.32,1294.44,29.8524,4.59204,35.5722,3.21316,56.6186,3.59491,416.95,0.289415
DUSP1,most likely,0.848568261,,,,1.0,0.63928196,1.86907763,0.068746567,0.5,0.442525,0.868421,0.249566,0.281,218.27707,3.19307,1.091162782,0.020500202,,1243.2,1446.69,246.629,1984.27,1165.1,1804.53,780.19,56.2714,53.09,69.8608,88.2193,105.478,83.4637,65.0146,73.0582,86.9647,51.9881,61.5061,185.416,85.5637,998.758,276.693,8.24415,700.002,415.454,417.544,266.072,598.364,426.886,479.67,922.405,314.747,122.691,249.783,334.694,422.046,1325.71,429.555,168.692,1093.79,914.725,89.0208,564.847,825.28,1463.66,1134.53,194.546,467.519,249.786,135.061,836.234,520.708,1052.6,884.653
EDN1,most likely,0.449802697,0.00185,-0.0188,-0.0143,0.803556825,0.577262555,6.87802251,0.138037323,0.0,0.0379073,0.0,0.0048793,0.01,747.20557,5.42362,1.0,0.081020067,-0.21,64.4625,21.4308,2.28856,9.30044,20.1274,18.4456,8.16392,7.06498,6.65735,9.19616,5.84469,6.20693,7.78189,7.42269,7.34181,5.7765,6.28418,10.0621,7.52479,8.39674,37.2885,2.44735,10.8395,10.4796,15.312,12.8284,13.9468,15.6197,5.74405,16.6301,17.5142,5.8782,3.40171,7.74968,8.77697,1.52907,50.6998,16.8669,4.51796,41.1351,3.66693,4.35487,2.08775,9.47247,18.681,18.2724,13.8654,16.4839,12.4236,7.74557,5.57772,13.3258,10.0732,0.580975
EDNRA,most likely,0.800036311,0.01885,0.0187,0.0266,0.0,0.0,1.74820254,0.068017424,0.0,0.0100503,0.0909091,0.0147939,0.013,6.56136,0.24247,,0.986016088,-0.38,19.251,11.8268,3.43355,16.6484,34.5831,38.318,23.9744,1.21917,1.38223,1.63123,0.694641,0.783454,1.38668,1.4894,1.38417,1.7424,0.956264,1.65496,1.62523,2.29273,14.428,5.60748,0.108652,89.6767,82.2139,4.90931,2.71072,8.58446,4.47396,4.58462,43.6706,19.5755,6.15045,2.69036,6.51635,1.03118,31.115,9.72749,1.94008,18.8777,50.3984,0.637837,4.52835,30.3687,6.60128,7.56075,2.94414,8.08348,3.91945,6.46399,14.7425,55.6348,43.4426,0.0173223
GJA1,most likely,0.833060265,-0.00435,0.0166499999999999,0.01935,0.587983487,0.500748396,24.59899632,0.718324976,1.0,0.0632832,1.0,0.107154,0.1,29.87324,0.95342,1.0,0.21554685,-0.27,87.5079,196.106,439.809,387.85,100.613,74.6761,120.858,227.139,227.424,226.864,55.4719,84.0072,173.711,188.073,107.427,120.733,210.888,157.685,67.0512,152.944,86.4847,199.746,0.356516,355.033,368.879,25.832,20.747,171.662,105.928,244.369,53.373,48.5423,69.2371,18.714,16.6665,2.1737,101.1,41.3305,6.87475,66.675,63.3088,5.89061,39.9564,102.361,485.124,408.141,32.0795,3.46189,21.2313,35.6586,202.412,98.3878,322.395,0.305834
GUCY1A3,most likely,0.593201816,,,,,,,,,,,,,199.89032,3.05449,,1.41e-06,-1.0,10.5418,9.81905,1.88244,23.7071,28.9841,24.0408,3.37131,3.23413,4.10561,4.29118,1.47348,1.82873,4.39185,5.27939,2.37737,3.90819,6.74382,4.01855,3.20593,1.90932,12.2563,0.195905,2.24228,8.18911,9.43802,39.6925,13.6523,19.9204,1.96973,15.6343,8.40534,8.44484,7.30693,3.63738,10.2218,1.48713,14.7939,6.88495,1.81992,6.47752,2.68264,2.95173,5.61009,19.7202,2.22747,2.99803,6.78352,4.96334,3.04867,0.803821,9.02489,12.6982,7.3073,0.210217
GUCY1B3,most likely,0.636561334,,,,,,,,,,,,,41.67691,1.21444,,0.000916634,-0.56,20.9058,18.052,2.20439,24.9909,36.6336,43.2801,8.19901,21.5107,39.074,32.4276,34.7237,25.6246,34.0539,68.9375,17.1523,37.1691,53.4331,23.1284,10.4957,14.3798,15.4631,4.06031,14.9786,26.6013,20.8565,47.5339,16.952,37.7744,3.96264,31.1077,16.8543,8.70258,9.41733,7.05223,11.0472,2.82645,28.641,7.31625,3.77522,17.393,8.08483,3.91917,9.7685,14.336,3.44442,4.88706,11.7575,9.78858,6.95663,2.78732,13.9137,28.3366,14.268,0.683765
HFE,most likely,0.146511853,-0.0015499999999999,0.00205,-0.01575,0.42850262,0.333964363,12.72102078,0.279883438,0.0,0.000328407,0.5,0.0213708,0.017,796.87118,5.56445,20.0,8.5e-07,0.08,5.22468,4.87679,8.81602,6.58194,5.87146,5.01614,5.81896,0.768603,0.716574,0.948483,0.321095,0.521071,0.706755,0.669384,0.669634,0.598945,0.860629,0.725777,1.54238,0.907247,5.40223,15.6539,2.41589,5.85486,6.47573,5.88768,4.28323,4.87901,3.61023,4.51896,5.67733,2.2451,1.07014,2.08369,2.58984,3.24452,4.46479,5.47019,0.614463,6.3345,6.28959,2.20335,1.3168,6.09114,2.65165,2.31033,4.1435,7.80063,3.97119,1.55111,6.37591,6.18254,5.30684,0.806209
HSPA4,most likely,0.852899194,-0.0124,-0.0128,-0.0168,0.505112308,0.501285754,2.97639148,0.082242709,,,,,,307.12317,3.72927,45.0,0.999958226,-0.15,33.0096,34.1588,49.9197,56.6854,44.48,49.4054,45.1756,23.0904,28.9015,25.3662,47.3508,42.4203,36.5949,44.2479,23.5839,34.7198,27.0545,20.7706,35.1592,25.2341,32.8888,105.368,106.24,40.4021,35.5359,41.069,32.3881,42.7096,66.0589,44.6432,46.2009,27.4802,25.8929,20.2703,31.5656,17.3389,39.1768,33.0087,43.8031,39.9679,37.2765,14.3763,50.8541,33.9169,38.7292,40.8602,37.1619,38.8936,29.3873,92.3215,39.429,47.654,42.1614,14.1173
ITGB5,most likely,0.705665529,0.0112,0.00935,0.05155,0.503167886,0.500118865,7.90802953,0.157663429,0.0,0.0152333,0.731818,0.0566656,0.047,1818.89628,7.86718,45.0,0.000480019,-0.28,154.764,111.284,32.6503,424.317,257.134,230.011,60.5325,11.5828,11.98,16.3153,10.0506,14.0493,12.3351,10.9118,11.0801,10.8866,12.6391,15.28,19.8872,17.1621,98.9537,157.887,1.02111,127.763,104.932,69.032,41.5524,76.1369,60.1754,64.873,50.9151,46.2352,27.0476,39.4403,42.6282,28.863,79.2566,58.5598,15.6952,79.1053,34.397,10.3951,31.1453,65.6747,95.1915,124.719,28.7976,49.842,22.5454,19.041,59.6492,105.094,104.727,2.93269
KCNJ11,most likely,0.714407027,-0.0255,-0.0347,-0.0593,0.780916865,0.569181778,14.76606971,0.350368608,0.0,0.0,0.0,0.00109079,0.001,173.55232,2.86874,45.0,0.31472413,0.24,0.949418,1.25947,0.593442,1.26519,1.00706,1.28588,0.813025,3.50589,7.3046,7.60344,36.7946,37.3675,13.994,13.8977,3.74738,4.1838,6.03235,5.61769,2.59443,3.2078,3.98542,0.0179232,0.300937,0.738837,1.0063,0.801596,1.18128,1.167,0.965794,0.835143,0.790484,7.86672,7.41361,1.7699,3.52342,0.604791,2.69084,1.28561,87.0756,3.27597,0.444601,6.12554,10.7255,2.61874,1.5347,1.60058,1.69858,1.61115,12.1922,1.13664,8.5181,1.06759,0.610628,0.0713407
LDLR,most likely,0.485596061,0.0246,-0.0077,0.0066,0.565151788,0.500098515,20.630263,0.571297355,,,,,,654.09994,5.13173,91.11528721,2.59e-16,-1.85,19.3291,38.4827,91.7779,15.2515,19.5913,18.0581,15.4643,3.56167,4.46232,2.20025,11.3699,11.7483,6.7269,6.62504,4.67753,7.52803,1.74603,1.99311,11.3698,3.9461,23.0686,59.4171,31.6294,18.8487,26.0634,14.2475,18.9365,16.8015,58.3518,21.99,49.6503,12.7385,4.51271,8.65821,14.766,22.6645,78.6272,22.6126,1.71902,20.0903,61.4808,8.96178,9.28987,20.1134,35.4192,30.6767,20.5676,13.7219,21.8232,7.04122,13.949,28.6843,42.1526,3.75832
MME,most likely,0.743839204,0.0003,0.006,0.0097,0.512957147,0.510092567,12.90950108,0.285645073,0.0967742,0.0270696,0.383333,0.0153021,0.017,140.44703,2.58504,,2.19e-08,-0.69,24.0061,11.2081,0.206853,0.568211,2.06998,0.556346,2.02668,0.0896445,0.177329,5.8447,0.162201,0.129506,0.209305,0.231173,0.0537097,0.102097,1.4801,4.32828,0.210303,0.0665395,22.2898,640.484,0.0780681,2.21937,1.84247,0.272775,0.285783,2.76151,0.35745,1.07007,1.57504,0.573395,0.675854,37.7336,5.5963,5.8127,20.2825,5.13685,7.75724,42.942,0.582073,0.122499,0.501727,24.7458,1.34342,1.4378,17.72,2.46636,0.424278,0.921413,1.02491,0.988426,7.77812,22.1759
MYO9B,most likely,0.792072892,-0.004,-0.0015,-0.009,0.503278418,0.500073417,7.54165982,0.150436946,,,,,,547.26349,4.75747,45.0,0.999998877,-0.86,42.9337,35.1047,29.945,88.335,62.7471,75.9654,46.0387,13.4555,11.1321,13.0353,41.7135,50.9506,18.39,14.3557,17.7177,17.5667,9.71297,13.0524,56.9294,21.8368,35.2525,46.6172,105.092,64.1449,64.3439,46.1079,33.854,35.9496,24.4118,34.2849,39.4992,15.9081,10.7193,10.2196,13.0271,11.9914,74.7211,24.7579,6.37271,56.9569,27.5759,8.59824,26.0401,46.0111,26.8911,29.4218,45.023,115.293,23.8322,81.3088,33.8677,59.0941,46.2679,65.413
NEDD4L,most likely,0.824708164,-0.0020499999999999,-0.00175,-0.00375,0.802610144,0.630714134,7.68047773,0.153402565,,,,,,42.02222,1.22415,23.33328059,0.999966646,-1.2,3.10252,3.15032,5.59453,1.24089,0.92234,0.501856,9.38027,5.34008,8.95569,11.0811,26.6029,21.6175,12.3075,14.4233,7.19049,5.52555,12.7311,10.2391,2.16517,3.98963,7.60355,1.52243,3.8322,3.014,3.73995,12.5465,13.9843,5.91067,3.6228,6.07496,2.24275,5.9425,4.13338,12.514,12.882,2.45612,24.1075,13.5728,8.13512,5.80764,2.99639,7.40556,16.2123,26.4205,4.73592,5.15108,8.80532,2.429,18.1119,4.1627,9.27558,3.94841,2.53459,1.07456
NPPA,most likely,0.244530007,-0.1397,-0.0774,-0.2212,0.806413662,0.637111928,6.90823393,0.137657028,0.0,0.0,0.0833333,0.000321007,0.0,1308.42229,6.80239,215.2088416,0.016931635,0.86,3.16234,3.22616,1.80967,3.05339,3.87549,3.06324,1.34215,2.71046,4.46617,1.30805,1.90481,2.46287,5.81626,5.01574,2.51846,1.89797,1.35135,0.899414,1.96512,1.47247,3.19861,0.726573,2.29444,1.82339,2.27119,3.68698,2.18633,3.47591,1.53579,3.59492,2.0292,28754.0,35.8109,1.19891,0.552606,1.3644,4.65875,1.96328,2.34266,3.96895,2.82401,1.00593,5.93242,5.27877,3.3183,3.23948,2.9834,3.63131,1.50398,13.3073,3.54827,3.28948,3.66395,1.68926
NPPB,most likely,0.181705475,0.0276,0.0796,0.09235,0.547695886,0.529412659,2.83811816,0.07979089,0.0,0.0018797,0.35,0.00243965,0.003,41.12591,1.20388,3.0,0.00038006,0.53,0.301944,0.469936,0.158882,0.644777,0.726931,0.535076,0.0,0.224174,0.262975,1.95863,0.60935,0.664526,0.364192,0.276804,0.254026,0.598387,8.12829,2.32384,0.389542,0.257143,0.29967,0.0,0.120796,0.085275,0.197042,0.325281,0.150021,0.347079,0.0895663,0.246071,0.14807,1639.56,26.7743,0.113773,0.0,0.114646,0.316623,0.149231,0.226661,0.54307,0.308606,0.137337,0.514502,0.214641,0.327214,0.284321,0.151366,0.120982,0.398435,0.583287,0.326008,0.427589,0.30778,0.0959771
NPR1,most likely,0.711480618,-0.0261,-0.0095,-0.0362,0.96018788,0.65083856,3.98295932,0.092579268,0.181818,0.00188088,0.75,0.0112417,0.009,1510.90255,7.21833,21467.91344,0.000172509,-0.24,80.7686,116.158,14.0193,291.951,85.388,42.5235,25.7261,0.802801,0.722233,0.862964,0.839893,1.65421,0.957405,0.672333,0.788678,1.17805,0.792313,0.890537,1.24281,1.24198,84.5872,0.6951,3.70879,17.4971,23.1411,19.0498,14.7782,42.9313,6.13491,31.9443,90.994,16.8415,7.99649,36.43,36.6139,2.39363,60.0098,6.50295,3.65615,25.9377,63.8083,3.13455,8.67364,8.2628,10.6305,10.2444,13.4246,4.3411,8.41564,3.86741,36.0012,56.3951,17.895,0.128919
NPR3,most likely,0.622939706,,,,1.0,0.616670811,3.99033126,0.092733579,0.0,0.00662461,0.722222,0.00398278,0.005,1772.52944,7.7784,20.0,0.003099263,0.0,10.2873,3.77805,2.84903,15.7061,7.51435,8.97526,1.6811,0.223057,0.325785,0.201664,0.0315037,0.0342971,0.297461,0.396548,0.109658,0.300315,0.130696,0.137265,0.0690056,0.0348744,2.14046,10.5603,0.0465167,4.46394,6.49235,5.6032,2.88683,0.650056,4.44726,0.476082,2.52281,5.50333,3.12747,11.0834,6.39625,1.30813,12.5761,0.602988,1.09376,6.77808,1.85979,0.228635,0.339425,3.39367,3.322,5.58044,0.680121,3.71488,0.642322,0.99814,9.18878,3.29346,3.82366,0.0514983
PDE1A,most likely,0.54646343,-0.0025,0.0016,-0.0057,0.849862238,0.528666177,2.96331746,0.079649573,0.111111,0.0216165,0.235294,0.0177134,0.018,40.97898,1.20066,3.0,0.730656355,-0.73,7.26879,7.66794,2.37502,15.9748,25.4196,19.1102,6.50174,7.51243,10.8531,1.25554,55.9632,35.7362,10.6748,17.9027,8.75582,4.26833,1.40732,1.37317,9.55194,3.06771,3.96494,0.510758,0.0230582,18.5861,15.3899,9.56809,3.59512,6.55824,1.72556,5.22015,11.0839,4.13939,2.14804,7.70252,20.4521,0.721368,2.89018,1.43445,0.903553,14.7356,4.76808,0.549234,1.64713,2.78397,0.885387,1.49963,3.03387,1.38829,2.61292,18.0719,18.915,8.66684,6.65289,0.0185304
PGR,most likely,0.833875239,-0.0001,0.0056,0.00325,0.503390698,0.50195897,2.94475488,0.080393195,0.0,0.00664978,1.0,0.00192988,0.003,1363.72417,6.92862,,0.884782623,,3.02304,1.24048,1.69834,13.6982,9.16764,13.8671,3.05414,0.263372,0.22836,0.368416,0.190787,0.276413,0.355861,0.257196,0.336712,0.731437,0.239246,0.308606,0.606114,0.540043,3.54968,0.0966189,0.00860162,75.8812,111.013,5.11478,1.8001,3.3462,0.366293,4.02383,45.1429,2.41109,1.75748,0.861067,0.681998,0.108455,2.75582,0.982692,0.422668,2.44132,19.0705,0.161084,1.64211,5.60351,0.507249,0.88155,0.836704,1.44911,0.541913,2.14859,1.32249,80.6411,18.3565,0.00555133
PKD2L1,most likely,0.250911236,-0.0046,0.0072,-0.0037,0.549274176,0.500118972,9.90845216,0.200157723,0.0,0.0,0.0,6.41643,0.0,3481.90583,11.35988,1.0,6.57e-17,1.01,0.135572,0.103832,0.0585381,0.0960632,0.118288,0.0479799,0.0532173,0.058825,0.53213,0.11974,0.0423379,0.0416497,2.3955,2.85067,0.271633,0.074896,0.176767,0.0945043,0.150846,0.0631011,0.0901876,0.0,0.029756,0.0320197,0.0349666,0.0226225,0.131996,0.0330822,0.0259421,0.032442,0.0469471,0.00961757,0.0,0.181666,0.0271238,0.191789,1.1434,0.067202,0.0108064,0.103261,0.0761553,0.0380539,0.0874236,0.26497,0.0334626,0.0337304,0.194807,3.02365,0.0303225,4.34285,0.0320859,0.0328359,0.0426437,0.0686577
PLCD3,most likely,0.275690168,-0.03205,-0.06,-0.1086,0.50037082,0.500033134,2.87341017,0.07971031,,,,,,81.7627,1.91678,3.0,0.000143297,,19.0271,15.1595,40.4021,55.4561,29.7386,29.7899,38.2365,20.2114,21.0335,22.1272,19.2293,26.5598,22.5965,19.4284,18.0353,20.8771,11.8409,19.5016,30.7186,35.3559,17.3433,16.6327,0.579364,18.312,22.2463,24.3097,33.2663,30.029,15.3327,25.5579,17.8625,16.4122,18.0637,6.11369,8.79362,0.628377,12.4142,12.3202,32.446,37.7879,30.3829,1.47227,9.05755,18.4617,19.0496,27.8769,7.56112,2.47955,17.6036,19.3525,8.6245,22.3355,17.7538,0.814911
RAD52,most likely,0.566305161,-0.0031,-0.0108,-0.0151,0.504056183,0.500016283,3.86565544,0.091143307,,,,,,186.7787,2.96787,,2.38e-07,0.51,9.34332,8.62742,6.55567,13.5769,11.7976,11.0817,14.2361,3.55376,4.26071,5.11428,17.6866,20.7056,7.91496,6.11725,4.36915,5.16212,5.43373,4.03628,6.44561,4.52918,9.77622,9.46846,8.02587,17.8996,19.1411,13.177,10.7781,12.3214,6.25039,11.1672,16.1393,5.0117,3.19182,5.2578,9.06297,4.63894,10.021,6.94983,6.35615,21.0001,22.3735,4.30334,13.0243,15.2129,8.12947,7.27843,8.78816,10.7106,6.30301,10.289,19.1957,19.6211,13.6954,1.60273
SHBG,most likely,0.123297259,-0.0195,0.0457,0.0164,0.542211421,0.500503691,1.97755717,0.071737066,0.0,0.00281955,0.0,0.0,0.001,235.27173,3.31425,3.0,0.000188842,0.13,0.632212,0.673039,1.3208,0.175521,0.272698,0.205064,0.358177,0.675332,0.797252,0.867045,0.398978,0.470987,0.8428,0.803885,0.667322,0.55988,1.12561,0.731599,0.522775,0.647346,0.469224,0.422531,0.112384,0.692279,0.774295,0.346205,0.223691,0.357823,0.197232,0.366681,0.919316,0.30356,0.192648,1.29136,1.03242,11.5862,0.402836,0.23137,0.336238,0.638542,1.00129,0.192661,0.969161,0.680452,0.168883,0.195815,0.93007,0.425054,0.281626,12.3003,1.09658,0.733059,0.389737,0.0345498
SLC12A2,most likely,0.638582647,-0.0022,-0.0258,-0.01815,0.886001366,0.544764546,5.83357103,0.119126632,0.0666667,0.0501253,0.0,0.0,0.074,115.75595,2.34001,2.490711774,0.999438622,-1.31,10.8482,8.22062,14.8726,5.81918,5.93338,8.0045,7.62433,9.10162,6.63701,10.0073,20.3203,19.8766,9.3786,10.7404,13.4527,10.767,6.79164,11.8702,38.1753,19.7988,12.8381,10.6474,14.8188,11.0623,9.04646,17.0308,23.0653,25.7837,4.41262,27.5517,7.63253,3.42877,3.91261,2.79033,3.42694,1.67254,10.0975,43.7703,6.0034,27.3463,11.9241,3.62358,10.7423,17.7952,27.3151,46.6233,28.0857,4.57143,25.8165,15.6647,11.0681,10.9364,7.07009,0.483363
SLC14A2,most likely,0.177065939,-0.00115,-0.007,-0.01205,0.500875669,0.500517653,3.79511105,0.090605471,0.0,0.0,0.0,0.0,0.005,6537.42463,17.02493,,8.43e-14,0.28,0.503245,0.358272,1.39574,0.209286,0.263448,0.338839,0.051335,0.0136593,0.0400254,0.0654163,0.0222018,0.0238911,0.0478029,0.0579508,0.0220055,0.0278267,0.0555304,0.0710127,0.00802375,0.00789821,0.223352,0.0428142,0.113287,0.0715198,0.0428407,0.0289536,0.033053,0.0715199,0.02912,0.0753762,0.0727311,0.0786886,0.0178205,0.224221,1.66793,0.0190877,0.196099,0.0755362,0.0475561,0.167647,0.0330687,0.0142143,0.0972405,0.169305,0.0540297,0.0999483,0.12052,0.131058,0.0352674,0.875173,0.236415,0.0418731,0.0480093,0.0411743
SLC2A4,most likely,0.637993336,0.0407,0.103,0.1647,0.815279047,0.648131521,17.64906737,0.443624156,0.0,0.00252366,0.0,0.0,0.001,1219.29265,6.60287,12.63426695,0.135386793,-0.18,17.5638,18.4142,5.12207,1.71304,7.43732,11.3309,45.2276,1.8697,1.42316,1.99437,0.41145,0.64048,1.64528,1.14928,1.0454,0.666102,1.46207,1.96851,0.588399,1.93054,11.62,0.16155,0.187633,16.308,11.3937,95.4855,24.3045,122.668,6.54885,135.51,21.3428,42.7168,59.0967,1.8524,2.15448,1.46751,3.36644,5.09637,148.579,5.33187,4.3321,0.383898,6.68359,15.2732,4.01605,5.26926,4.20272,0.475975,6.5255,7.21154,8.02505,15.8862,6.57194,0.463607
SLC5A1,most likely,0.684255004,0.0010999999999999,-0.0109,-0.0547,0.500179533,0.500034706,2.93433955,0.081823812,0.0,0.00219711,0.0,0.0,0.011,415.36286,4.26635,,0.008031196,0.33,0.0457978,0.0280329,0.022321,0.0347249,0.0428776,0.0396184,0.0155759,0.0615959,0.0956196,0.0292404,0.0618549,0.0804698,0.100399,0.0962955,0.043281,0.0749355,0.037888,0.0199596,0.0279019,0.0276035,0.863908,0.0219949,0.0276677,0.0525253,0.0825274,0.115831,6.3611,0.0341244,6.02458,0.036973,0.41317,24.0102,45.4234,0.208525,0.449648,1.04292,1.2947,23.0861,0.0397713,0.0717821,0.0408769,0.708332,1.81762,2.7208,22.1725,22.369,97.9083,2.90746,0.555405,6.14332,0.0561338,0.0486238,9.09265,0.0157813
TGFB1,most likely,0.831385493,-0.0153,0.00715,-0.0038,0.689214322,0.505206695,13.82529558,0.318073102,0.347826,0.0451128,0.0,0.0,0.11,472.6638,4.49902,1.0,0.354132528,-0.12,71.9027,66.1736,40.4581,192.604,127.281,113.889,90.7788,9.29795,7.94432,9.10924,4.0366,6.11531,9.2262,6.55825,7.77287,12.968,8.91671,8.11963,19.2623,14.5204,47.1118,131.659,155.283,110.383,125.319,57.055,37.5952,51.6815,59.952,46.5464,58.8729,30.3669,11.4753,32.4722,46.6335,8.99936,133.846,29.0244,5.5196,51.9559,33.9415,8.231,33.8618,60.9902,41.9809,49.7143,57.757,156.104,22.2231,17.7424,45.9335,101.396,87.7446,306.449
VEGFA,most likely,,0.0048,0.00235,-0.01385,0.442313052,0.317236042,7.87963926,0.156523813,0.727273,0.0248976,0.0,0.0,0.021,95.26537,2.10662,45.0,,,108.661,200.876,56.1953,60.8998,51.6617,50.7411,96.0212,16.6194,18.4402,17.3282,30.6238,39.3704,19.3602,19.161,18.4051,17.4102,16.8271,13.0897,16.422,16.9677,119.805,111.255,74.4515,90.2903,94.1532,37.6899,49.9076,45.7238,85.2684,43.8601,103.281,127.229,66.8859,118.082,110.403,143.583,158.588,48.4381,128.949,78.2222,42.3146,45.6289,34.8442,182.111,61.5079,60.6801,64.2268,139.717,70.7217,8.80042,615.368,258.802,115.048,14.7345
